<?xml version='1.0' encoding='utf-8'?>
<COLLADA xmlns="http://www.collada.org/2005/11/COLLADASchema" version="1.4.1">
  <asset>
    <created>2026-09-14T00:00:00Z</created>
    <modified>2026-09-14T00:00:00Z</modified>
    <unit name="metre" meter="1" />
    <up_axis>Z_UP</up_axis>
  </asset>
  <library_effects>
    <effect id="scout_b2b2b2_effect">
      <profile_COMMON>
        <technique sid="common">
          <lambert>
            <emission>
              <color>0 0 0 1</color>
            </emission>
            <ambient>
              <color>0.35 0.35 0.35 1</color>
            </ambient>
            <diffuse>
              <color>0.7 0.7 0.7 1</color>
            </diffuse>
          </lambert>
        </technique>
      </profile_COMMON>
    </effect>
  </library_effects>
  <library_materials>
    <material id="scout_b2b2b2" name="scout_b2b2b2">
      <instance_effect url="#scout_b2b2b2_effect" />
    </material>
  </library_materials>
  <library_geometries>
    <geometry id="geometry" name="torso_link_rev_1_0">
      <mesh>
        <source id="positions">
          <float_array id="positions_array" count="1713">0.00398334395 0.00334378751 0.0695700049 -0.0433356762 0.00846582465 0.0621222556 0.00432244455 0.0124558657 0.0661314055 -0.0552256294 -0.0834012553 0.170817137 -0.0448821187 -0.0888945535 0.100788184 -0.0478683077 -0.0870541036 0.0708575323 -0.0519929752 -0.0917965919 0.139556915 -0.0540484898 -0.0828584656 0.0651442856 -0.0414402187 -0.0940643549 0.0684846416 -0.0458133072 -0.0900977403 0.127063081 0.0521024168 -0.0123237632 0.282446295 0.054137297 0.00900601689 0.282043934 0.0326819234 0.0200073961 0.28336513 0.0576850474 -0.00155956845 0.0693046153 0.00831940118 -0.00664556911 0.0796836317 0.00452979933 -0.00285338424 0.0693316311 -0.0557438321 -0.0820337981 0.245585054 -0.0460720621 -0.0957677811 0.242624238 -0.0471670702 -0.083278954 0.263821095 -0.053837914 -0.0659207404 0.0533768572 -0.0439575985 -0.0785136893 0.0546822213 -0.0445427001 -0.0667690262 0.0307650678 -0.057591334 -0.0566858612 0.0577589646 -0.0531575978 -0.0676688254 0.0388558544 -0.0358813331 -0.0431292392 0.0113940863 -0.0164216366 -0.0539471619 0.0172437448 -0.038114965 -0.0559300557 0.0154058998 -0.062893495 -0.0637785122 0.250223845 -0.0649546832 -0.0589687526 0.200137019 -0.0565327555 -0.0900265425 0.237713709 -0.0612024777 -0.0670198724 0.221575215 -0.0601378977 -0.0643343404 0.253836125 -0.0523030721 -0.0489957854 0.00221892074 -0.0457359217 -0.0628434047 0.00364943407 -0.0497965626 -0.0519976839 0.00667703198 -0.0431372188 -0.0618636757 0.012624735 -0.04006036 0.0943116024 0.0707019269 -0.0387790985 0.0771953389 0.0383446291 -0.050819654 0.0894728899 0.075638704 -0.0479570553 0.0755718201 0.0991034359 -0.0445828475 0.0409134217 0.0106162466 -0.0585487448 0.0213171225 0.219308004 -0.0616692677 -0.0445838869 0.170256361 -0.0578797311 -0.00243667443 0.264863551 -0.0605602488 -0.0010805889 0.251162231 0.0301009733 0.0619954281 0.010158509 0.0150312055 0.0645321906 0.0196504723 0.0158252195 0.0622436292 0.00966712646 0.0434168056 -0.0621789396 0.0119055631 0.0515269786 -0.0485508516 0.0147270104 0.0434941128 -0.0732030421 0.0432209373 -0.0635343641 -0.0182173215 0.218753695 -0.0622902773 0.0026633963 0.242629513 -0.058766935 0.00302582956 0.23699075 -0.058478415 -0.0183752328 0.219779789 -0.0577818975 -0.00157157984 0.24552533 -0.0504772477 -0.0598715357 0.263182849 -0.0541366041 -0.000591242104 0.261495382 -0.026648419 0.0925071239 0.283219308 -0.0407259427 0.0982319564 0.262987077 -0.0514093265 0.0780035406 0.271499157 -0.0538660698 0.0520321392 0.00867162552 0.0577193908 -0.0766993836 0.0608040504 0.058818955 -0.092197001 0.187892139 0.0484047793 -0.0895049274 0.0696893632 0.030156089 0.0680533871 0.0232809689 0.0297313929 0.0542107932 0.018122606 0.0595591776 -0.0774493366 0.175375387 0.0672642514 -0.0349794291 0.153989509 0.0731586441 -0.0289865155 0.179491311 -0.0412857607 -0.103327654 0.237021208 -0.0282148831 -0.0990436077 0.255659968 -0.0381559618 -0.0949502885 0.273501247 -0.0378781669 -0.0763831213 0.037628036 0.0498508066 0.0759022534 0.0853557438 0.0552257895 0.0481197089 0.0411139838 0.0447778106 0.0838306397 0.0776435807 -0.0396463498 -0.0994913727 0.153243974 -0.0607707463 0.0487936325 0.155494094 -0.0615212843 0.0643532127 0.228024676 -0.0633025914 0.0173796248 0.217842281 -0.0436660834 -0.0903215632 0.254209191 0.00452152407 0.00474259304 0.0546485223 -0.0446081385 -0.0470111892 0.0101420209 -0.0387600102 -0.0221687946 0.0128697446 -0.0441487581 0.00355586223 0.0132153416 -0.0445445627 0.000428157218 0.0510194004 0.00853575859 -0.0041414802 0.0462504439 -0.02390128 -0.0701837912 0.0285586547 -0.0397235677 -0.0676579699 0.0245962646 -0.0185660236 -0.0627187788 0.0295615438 -0.0230216514 -0.0691940859 0.0474661589 -0.0235791225 -0.0744202882 0.0407537892 -0.0141059784 -0.0675142109 0.0434667058 -0.0163565855 -0.0723755658 0.037127804 -0.0208928622 -0.104111411 0.225335166 0.0193986334 -0.103758737 0.217794299 0.0121875964 -0.107230142 0.218363971 -0.0127543733 0.00128420547 0.0416040979 0.0154203568 0.00313798222 0.0433308035 -0.00858957041 -0.0694544986 0.0402436703 -0.00845376682 -0.071537815 0.0398617014 0.00965727586 -0.0758002773 0.0441479534 -0.00591239939 -0.0696968734 0.0380715765 -0.0441447645 -0.0541659184 0.0699599162 -0.0446852595 -0.0566798523 0.0768986121 0.00440169126 -0.0550001152 0.0681512281 -0.00512632029 -0.0132074663 -0.000609076524 -0.00769342016 -0.0251483191 0.0107234521 0.00110001606 -0.0179258548 -0.00827598851 -0.0134711359 -0.0119658494 0.016759973 -0.00678284094 -0.0118417386 -0.00714242784 0.00133474916 -0.0126722455 0.0050301766 0.0102855023 -0.0133857755 0.0668422952 -0.0434337817 -0.00852670986 0.0621771999 -0.0476215631 -0.0688325241 0.275622457 -0.0531239174 -0.0459751673 0.283264846 -0.0563209541 -0.0789524838 0.261780381 -0.0473179147 -0.0574447401 0.285439759 -0.0533751957 0.0463118143 0.283579439 -0.0641071498 -0.0343382172 0.254335463 -0.0385577492 0.0557512306 0.015405356 -0.0443566181 0.0621787757 0.0142639102 -0.0323516987 -0.0736483857 0.288347453 -0.0115637537 -0.0645103827 0.293830425 0.0314649157 0.0847909674 0.165484264 -0.00588623527 0.0834399238 0.196857065 -0.00730302231 0.0862112939 0.167419761 -0.00579357753 -0.0778025761 0.291783363 -0.0242825076 -0.0919284895 0.285015404 -0.00893030036 -0.0738961175 0.293682575 -0.00424113357 -0.0686739385 0.289520174 0.00116208685 -0.0708933249 0.31227836 0.00307182712 -0.0736214146 0.308293551 0.0108534843 -0.0759618729 0.30876103 0.00289838575 -0.0618789867 0.293927878 -0.00912288763 0.0174182933 0.00699094869 0.00496450486 0.0170445815 -0.00685174996 -0.00716334675 0.0118194036 -0.00662860554 0.0054015643 0.0136497617 6.71154921e-05 -0.00385515438 0.0122235185 -0.00325807091 0.00678323675 0.0118422639 -0.00714185461 -0.0662553832 0.000354713353 0.187736839 -0.0634469911 0.0553694144 0.256358176 -0.0651420653 0.0569732301 0.210741311 -0.025626149 0.0714273378 0.0467087179 -0.0179837085 0.0759038627 0.0425760821 -0.0343156159 0.0736326873 0.0411186218 0.0325010493 0.0470449217 0.291476548 0.0104168067 0.0655023605 0.29186362 0.00128277473 0.0478140786 0.298823476 0.00251203007 -0.0149494484 0.0789323449 -0.045005627 -0.0152408024 0.0777939484 -0.0607484616 0.00484229298 0.247876272 -0.0582107492 0.0581697859 0.263718694 -0.0501334183 0.0580618717 0.00227758777 -0.0531604178 0.0625251904 0.239964977 -0.0504254773 0.0597081482 0.262738019 -0.0509856902 0.0512077697 0.0112084625 0.0159554612 -0.0451216139 0.0741287544 -0.0443134829 -0.0152644319 0.0697059184 -0.0535941496 -0.0620098002 0.218391061 -0.0410669893 0.063832663 0.00372023298 -0.0540506616 0.0657232702 0.0526816547 -0.055500146 0.0795711502 0.0744845793 -0.0608550869 0.0568017438 0.111889362 0.0165584665 -0.0670219734 0.018666923 0.0152753517 -0.0614986084 0.0268090144 -0.0499351211 0.0729335174 0.0415501148 -0.0445271358 0.0743065774 0.0476972051 -0.0551066063 0.0799875036 0.134055465 -0.0598017871 0.0828300044 0.242135927 0.0718766004 -0.0635590479 0.185529292 0.0804262981 -0.0216153394 0.176280007 0.0727360174 -0.0414426476 0.151244 -0.0567399599 0.0814579651 0.239883229 -0.0444503687 0.0873493031 0.0696656778 -0.0490680262 0.0893317759 0.121614039 0.0609932095 -0.0761911348 0.138048306 0.0587438531 -0.0623926297 0.0385900252 -0.0460946932 0.0947162881 0.18297264 -0.0472362861 0.0953925475 0.242258981 -0.0437492318 0.0921898633 0.254697144 -0.0416117311 0.0121644074 0.0198725145 -0.041837886 -0.0054542576 0.0304543488 -0.0364459343 0.0276532769 0.0110632963 -0.0324747488 0.0424039587 0.0135368826 -0.0270326454 0.103594072 0.235140026 -0.0414052121 0.103330694 0.237341419 -0.0434470773 0.0617036298 0.0621161982 0.00393107627 0.0570210963 0.0672423244 0.00431064283 0.0625002608 0.0593176633 -0.033889927 0.0893701389 0.0652112737 -0.0340559743 0.0761009082 0.0575850345 -0.0450825356 0.0869025216 0.116441116 -0.0449561141 0.0887010843 0.170979753 -0.0307438169 0.0985860676 0.141649783 -0.0505720042 0.0965754986 0.233496442 -0.0293703228 0.100563295 0.201486021 -0.0101151224 0.0281181876 0.0116916327 -0.0150045184 0.0103381537 0.0196561348 0.05167282 -0.019205898 0.0139562981 0.05424539 -0.00178916822 0.0128175309 -0.0448783264 0.0532617569 0.0778530389 -0.0439180359 0.054517623 0.0697942153 0.0051621045 0.0577999875 0.0794483721 -0.0281717721 0.0534692295 0.0953759551 -0.0296959504 0.0505543835 0.0816963837 -0.0156909078 0.0533760116 0.086454913 0.00225915969 0.047588896 0.078913033 -0.0239496678 0.0538396202 0.11001981 -0.0242537949 0.0541394539 0.127993152 -0.019415535 0.0625389367 0.194648936 -0.0263974089 0.0526785329 0.190036252 -0.0171217471 0.0544559658 0.191350758 -0.02938658 0.051170554 0.200530529 0.0450022779 -0.0853824914 0.0801895261 -0.0188334174 0.0622934587 0.0288714226 -0.0339729004 0.0664910078 0.0346609019 -0.0239755716 0.0702538341 0.02817869 -0.0168598425 0.0653602481 0.0458088182 -0.0146902399 0.07230784 0.0368805639 -0.0169029292 0.0905067623 0.0905745327 -0.0229996294 0.0908490941 0.087890625 -0.0245525036 0.088437967 0.118506901 -0.021052137 0.087124303 0.127752438 -0.0257286951 0.0869889855 0.1584993 -0.0205274299 0.0845297873 0.166603208 -0.0244124383 0.0544736125 0.16576916 0.0475319885 0.0520390868 0.0173963364 -0.0220459998 0.0928382427 0.104597352 -0.024552187 0.0881572589 0.100457691 -0.0178625137 0.081790939 0.100662008 -0.0180328079 0.0861170888 0.113747582 -0.0219501909 0.0879125372 0.109758258 0.0495593958 0.0516971089 0.118518807 0.0462017544 0.0878919214 0.117681056 0.0425458625 0.0862594023 0.109178841 -0.0103956396 0.094954364 0.127297878 -0.0236350149 0.0882545188 0.132558987 -0.00504035456 0.0976277143 0.131594479 -0.0277082231 0.0925899148 0.136335939 -0.00632886961 0.0923801959 0.140822113 -0.0102689797 0.0949096233 0.156080902 -0.0257777963 0.086175099 0.146503374 -0.0179971233 0.087258935 0.157275394 -0.0076101725 0.0855068266 0.147298664 -0.0289372429 0.0928456709 0.200482979 -0.0105180833 0.0975161642 0.153037861 -0.0234652273 0.0916216373 0.172919691 -0.0177995767 0.0849495903 0.176531315 -0.0260753166 0.0863587335 0.177369878 -0.015052421 0.0932819545 0.167260021 -0.0246317461 0.0855714679 0.188759208 -0.0166699383 0.0923678279 0.189205661 0.00456417538 0.0676090196 0.0473518111 0.00523780286 0.0120656397 0.00902965479 0.00602394203 0.0103146695 0.0798062012 0.020426603 -0.0927166566 0.285399884 0.0425123833 -0.0609804988 0.285095751 0.0122266607 -0.0773470849 0.291043729 0.027579261 0.0922935084 0.285305709 0.0203594957 0.0929442048 0.274795234 0.0154825477 0.0544506162 0.0169566162 -0.0163312443 0.0542631224 0.0176171716 -0.0352507271 0.0642188042 0.0219190121 0.00295227324 0.0631113425 0.0636516139 -0.00587292016 0.0542070456 0.0856041685 -0.0146543104 0.0533991121 0.198013484 -0.0089097172 0.0691479072 0.0401918441 -0.00794247072 0.0722325072 0.0423941426 0.00407798355 0.0710613504 0.043125093 -0.00599294901 0.0696287379 0.0384343304 0.00724708335 0.0693916678 0.0397544131 -0.00796299055 0.0933702663 0.0842882171 -0.0054550143 0.0838546753 0.0868885294 -0.0124174803 0.0941472128 0.198299527 0.0320159495 0.0892754123 0.0587322563 -0.0106337965 0.0934382752 0.109103769 -0.00854212884 0.0845765844 0.108916514 -0.00542074302 0.0855934992 0.126109377 -0.00275927735 0.0902508572 0.136774436 0.00380642968 0.0882481858 0.128294528 -0.00461556809 0.0850240737 0.159358367 -0.00110368244 0.093808718 0.146791652 0.00323160528 0.0870489553 0.153760836 0.0228538197 0.0952799171 0.128483698 -0.0477230735 0.0602016971 0.28592363 -0.0484399162 0.071739763 0.273721755 0.0523079112 0.0944594145 0.167339146 0.062802121 0.0829124749 0.188008502 0.0489754528 0.0958805904 0.20447436 -0.0459340289 0.0800223649 0.264544994 -0.0234825276 0.0763045028 0.290180981 -0.00875057094 0.0643718615 0.293996572 -0.00491861673 0.0756660327 0.290316015 -0.0225233994 0.0952381045 0.268005401 -0.00643210579 0.0676125661 0.285062909 0.000317042141 0.0731204897 0.311761975 -0.00433358829 0.0689995512 0.309496194 -0.00446365122 0.0703296885 0.293427438 0.00044994225 0.0617244542 0.290688217 0.00465831766 0.0707047582 0.307371914 0.00388562516 -0.0122432001 -0.00328633492 0.00709663471 -0.0118047474 -0.00666509941 0.00722473441 0.0214047581 0.00968980789 0.00170946342 -0.0889291689 0.0670481995 0.0044661318 -0.0909084007 0.0775050744 0.029791208 -0.0913283452 0.0766765997 0.0504246242 -0.064633958 0.00616874918 0.00917307753 -0.0692312196 0.0408580378 0.00663774787 -0.0693133697 0.0411685705 0.00789013598 -0.0720763654 0.0375150926 0.0154015776 -0.0662570745 0.0479175672 0.0257029086 -0.073279798 0.0369136892 0.00359669537 -0.0686221197 0.0491716862 0.0155636966 -0.0619372316 0.0109741706 0.0158874542 -0.0542057268 0.0169659425 0.0273676384 0.0735470876 0.0368423015 0.00762747787 -0.0224804729 0.0103378566 0.0144315138 -0.0116907237 0.0163321383 0.0162031893 -0.0353610218 0.0112423645 0.0127632767 -0.000615999685 0.0179042947 0.015423812 -0.000123201753 0.0370401219 0.0127996961 0.00197901553 0.0411962457 0.0151861934 -0.00501867384 0.0511953756 0.00384399807 -0.00737156486 0.0593794547 0.0144350054 0.0373972207 0.307122499 0.00227178191 0.023441514 0.309506595 0.0245024767 0.0224772003 0.306535035 0.0706056282 -0.0142892217 0.249044314 0.0703877285 0.0439246967 0.243824586 0.0293804687 -0.0852314383 0.0935050771 0.0312474929 -0.0916326791 0.0825959295 0.0313684605 -0.0932572931 0.100783668 0.0297227446 -0.0626416355 0.0104105324 0.0313538648 -0.0646446422 0.0242703706 0.0350948684 -0.0808050483 0.057923954 0.0299497563 -0.0846349299 0.0563158952 0.0430717133 -0.0954700261 0.273057252 0.0359407291 -0.0984202623 0.258036882 0.0493477248 -0.103445567 0.2398507 0.0338793769 -0.0934609696 0.0674249604 0.0466411747 -0.0750601664 0.0365221836 0.0404516347 -0.0848072618 0.0769692063 0.0473800637 -0.0850993693 0.0896256715 0.0524172671 -0.0827857926 0.0752579048 0.0459158979 -0.0804588348 0.0554280132 0.0467575341 -0.0724225789 0.0811400712 0.0364807844 -0.0913941339 0.142130464 0.0336860232 -0.0958531052 0.146916389 0.0508645065 -0.0892660767 0.171859294 0.0342251882 -0.0969824344 0.18247433 0.044064112 -0.0912331268 0.187405884 0.0489390641 -0.084424071 0.180923283 0.0280302074 -0.0865039602 0.181853041 0.0353345089 -0.0981496125 0.200956509 0.0479221269 -0.0874881521 0.201023564 0.0515787937 -0.0607157722 0.0122472718 0.0402798615 -0.0641882569 0.0268886089 0.047288876 -0.0521755107 0.0146385031 0.0334115364 -0.0556115806 0.0194186922 0.0425179414 -0.0623380058 0.00370144495 0.0432431214 -0.0988727063 0.151682317 0.0616048016 -0.0823206306 0.246828035 0.0696337968 -0.0761707276 0.181795225 0.0501245297 -0.0963666663 0.20609045 0.0637245998 -0.0801380053 0.176297814 0.0475016572 -0.0935093611 0.181328341 0.0489689708 -0.0916087776 0.216859877 0.0577015504 -0.0859291703 0.241091803 0.0520852432 -0.0943376347 0.245060161 0.0541848205 -0.0661056265 0.0822614506 0.057882838 -0.073609069 0.0952695385 0.0564487167 -0.0755212158 0.123420857 -0.0155019006 -0.00169742957 0.0353825502 0.064968884 -0.0474780574 0.224120155 0.04853696 -0.0884679258 0.250573367 0.0510164164 -0.0548324473 0.26104486 -0.0287179705 0.0945549607 0.0774871632 0.0536396168 -0.0672758073 0.266094744 0.0604477301 -0.0427119434 0.00499096559 0.0600496195 -0.0360157602 0.0116288075 0.063124992 -0.058556512 0.0428910777 0.0681147501 0.00257772277 0.0650128797 0.076190725 0.0113099124 0.152037829 0.0601457581 0.0608886406 0.0451352075 0.0515951924 -0.060966365 0.077904433 0.0612492077 0.0134493224 0.0100026792 0.0569515713 -0.0383632928 0.00107697479 0.0607653633 -0.0221795123 0.243298039 0.0588730499 0.00281081209 0.000497889181 0.0485001095 -0.0179225616 0.255198747 0.0485674851 -0.0134832757 0.230527222 0.0520218574 0.00284298044 0.0137155252 0.0637627691 0.0131621035 0.00637892541 0.0575742312 -0.00726405066 0.0297420491 0.0555725135 -0.000497566594 0.0237748213 0.0543007776 0.00964979548 0.0311075859 0.0765374526 -0.0396568254 0.203122169 0.0149987536 0.00380530837 0.0177289043 0.0665825978 -0.00669763517 0.226127699 0.0485050492 0.0145584587 0.229894146 0.0813799873 -0.0411069393 0.17827481 0.0497844033 0.0528498404 0.014210104 0.0756320804 -0.0427572802 0.151975557 0.074824214 -0.0590261668 0.210121632 0.0704690218 -0.041238226 0.233470142 0.0785617381 -0.0301749874 0.216498256 0.0678202584 -0.0228385143 0.039585717 -0.0447345898 0.0158094 0.0696621165 0.01538972 0.0119976383 0.066434525 0.0155646084 0.0420080498 0.0744789615 0.0681850165 0.00262104464 0.248696029 0.076078102 0.0273750499 0.214630961 0.0832530409 0.0159088988 0.174528211 -0.0437557213 -0.0949318856 0.185559452 0.00819904823 -0.0697543994 0.291075557 0.0128238443 -0.0681515187 0.288686216 0.00300250924 -0.0470256135 0.293628603 0.0286683179 -0.0494518653 0.29260534 0.00165759155 -0.0366057754 0.309890479 0.0152892461 -0.0382010452 0.304931849 0.0232614689 -0.0328954682 0.292629182 0.0239778999 -0.023151312 0.307093292 0.00236405968 -0.0222530384 0.308070183 0.0383637846 -0.0577136688 0.284671217 0.0310409926 -0.0307476055 0.286222637 0.0538309366 -0.066506952 0.271702349 0.0562801026 -0.0419385321 0.266143084 0.0559255853 -0.0165082254 0.263600498 0.0485721715 0.0135007855 0.258699358 0.0546417907 0.013802046 0.26055634 0.0094954716 -2.42185579e-05 0.0426015668 0.0155446902 0.0334404148 0.0113389427 0.0155271748 0.0612073913 0.060455326 0.0136813913 0.0490680821 0.0792259723 0.0298275314 0.0530057736 0.0841237381 0.0151375793 0.0703387931 0.0395027399 0.00993213896 0.0697878525 0.0388461836 0.0761759877 0.0531204306 0.209840715 0.0752657726 0.0581055731 0.173885584 0.0327475257 0.0943193734 0.143803731 0.032390099 0.0937669948 0.163979396 -0.00180497556 0.0930270925 0.122915328 0.0168008897 0.085188888 0.141586185 0.0201026108 0.0861031041 0.127809793 0.0270209331 0.0904134959 0.132936731 0.0204625893 0.0876085684 0.15378584 0.0240186583 0.0934021622 0.146772996 -0.00160594645 0.0933795944 0.159233734 0.0263379049 0.0965249538 0.150434956 -0.00308176037 0.0959803164 0.18144317 0.0350540653 0.0965319201 0.199513346 0.0247089174 0.0949758291 0.181701377 0.0503028445 0.0645197034 0.00565209379 0.0324040279 0.0938020572 0.0844374225 0.028223034 0.0833754241 0.0869102404 0.0387764052 0.0865847692 0.0755388066 0.00394933764 0.0903985724 0.07269077 0.0324582234 0.08609768 0.0603431612 0.0336183757 0.0860099792 0.110248968 0.0311479438 0.0942468792 0.137226209 0.03129109 0.084793061 0.142420948 0.0242099687 0.0931193009 0.159625217 0.0246218424 0.0929999426 0.121681139 0.0506307781 0.101050213 0.20219183 0.0375933051 0.0542200245 0.196257561 0.0496353097 0.0510395579 0.200572193 -0.00319299963 0.104969531 0.216432884 0.0287674163 0.104027018 0.226834923 -0.0014617074 0.0894294903 0.0669455752 0.0470362529 0.0639031082 0.0140433619 0.0434577577 0.0622861162 0.00350887119 0.0433173962 0.0704306662 0.0417929851 0.0536329895 0.0578229055 0.0772621259 0.0441398174 0.0537798069 0.0879185647 0.0501482412 0.0510502048 0.0819185302 0.0429185703 0.0869037509 0.127852201 0.0469378158 0.0544297323 0.133454338 0.0438353904 0.0909028724 0.143963456 0.0442329124 0.0533960797 0.147277221 0.0496611521 0.0518951342 0.156664699 0.0433289222 0.0880285725 0.166745037 0.0451186933 0.0542666949 0.166802406 0.0443315394 0.053618636 0.192004949 0.0489670448 0.0732175112 0.0418604501 0.0427117571 0.0790114552 0.0526877791 0.0389848761 0.0874334723 0.0887996778 0.0484371446 0.0853375569 0.092824325 0.043540746 0.0904441774 0.105058886 0.0450417101 0.0534903929 0.108536176 0.044904381 0.087433517 0.134499878 0.0412993468 0.0812967792 0.149845973 0.0482535362 0.0840217918 0.15518409 0.0388466381 0.0895524472 0.189912364 0.0469141044 0.0844782963 0.187273487 0.0329384953 0.0938240886 0.198265046 0.0502434671 0.0881563053 0.0681636631 0.048517596 0.0742923245 0.0349520557 0.0508975051 0.0842434913 0.0789499432 0.0381250568 0.09595415 0.0825260431 0.0404422395 0.0842357352 0.0999038741 0.0330898203 0.0933914259 0.111529425 0.0385059081 0.0810892433 0.112921685 0.0377542712 0.0821386427 0.136477977 0.041875504 0.0897599384 0.15381676 0.0402342752 0.0834308192 0.175550684 0.0321491249 0.0941720679 0.168746963 0.039233081 0.0875800774 0.181881174 0.0289121326 0.0834967345 0.196936741 0.0521528535 0.0863224491 0.209080696 -0.045356039 0.0142213209 0.0772530586 0.0556659624 0.0472129136 0.00260735396 0.056126643 0.00165766373 0.0246180445 0.0645317361 0.0182100255 0.233479172 0.0599770509 0.0574062504 0.235409021 0.060311839 0.0503693558 0.00929704309 0.0613643043 0.0651450977 0.0451617986 0.0544278063 0.0838908553 0.117675759 0.0662629232 0.0804525539 0.177465171 0.0502168015 0.080819048 0.121565573 -0.0337488577 -0.0893405005 0.065556936 0.0585557073 0.00652739964 0.0774157569 0.0486486293 0.085247986 0.255014837 0.0522423238 0.0440444872 0.262561351 0.0535369366 0.0907372758 0.119395576 0.0487593003 0.0895049572 0.167890027 0.0526620187 0.0887631029 0.148875311 0.0542977005 0.0907501578 0.249050304 0.0501702912 0.10225457 0.250659138 0.03565377 0.0985565856 0.257949501 0.0741881654 0.00765025383 0.101414144 0.07717067 0.0361229256 0.153569087 0.0731796697 0.031427037 0.18376331 0.0681720078 0.0197342467 0.152343258 0.0406331159 0.0890483633 0.195775494 0.0807600394 0.0146335978 0.206943929 0.0659025609 0.0420374982 0.247278631 0.0689947307 0.0327696204 0.0618269257 0.06185776 0.0683712289 0.187038317 0.0703607351 0.0563734025 0.15553987 0.0797550306 0.0270343889 0.176781371 0.0747462586 0.0563468486 0.184819579 0.0636007264 0.054407727 0.156050891 0.059746895 0.0878106728 0.243525445 0.0301451292 0.0691346377 0.286999941 0.0121643757 0.0760926902 0.291781664 0.00555441529 0.0450051837 0.292557478 0.0235258061 0.0323042721 0.292830616 0.0122935278 0.0692988709 0.306442261 0.0131867286 0.0689078346 0.288530916 -0.00527447974 0.0909030214 0.276541024 0.0444552079 0.0556649044 0.283623099 0.0526976697 0.0762032866 0.26903379 0.0576005466 0.0249311309 0.26636827 0.0532301217 0.0649644732 0.266643614 -0.0514041968 -0.0652605072 0.139712483 -0.0449033976 -0.0911713019 0.172565892 0.0596406199 -0.00857520383 0.0776956528 -0.0133297378 0.000419872988 0.0182842556 0.0204898436 -0.0928649902 0.274166852 -0.0139600756 -0.09290874 0.27292195 -0.0370184258 -0.0617874451 0.0266706832 -0.029177513 -0.0989422277 0.199683577 -0.0289094895 -0.0927241221 0.0826600268 -0.0354529917 -0.073081255 0.0476643331 0.0040820553 -0.0576381758 0.0791467652 0.0143280122 -0.0528106727 0.078929022 -0.00273153535 0.0954930335 0.100639328 0.0251109991 0.0950337797 0.100594282</float_array>
          <technique_common>
            <accessor source="#positions_array" count="571" stride="3">
              <param name="X" type="float" />
              <param name="Y" type="float" />
              <param name="Z" type="float" />
            </accessor>
          </technique_common>
        </source>
        <source id="normals">
          <float_array id="normals_array" count="4029">0.107815661 -0.354516029 -0.928813338 0.843133688 0.536401331 0.0374052674 0.507212937 0.861789703 0.00731537305 0.492204577 0.870468378 0.00441781525 -0.714938998 -0.697976351 -0.0411240906 -0.818087816 -0.529334486 -0.224805146 -0.313283563 -0.910869718 -0.268644303 0.729186058 0.682303548 0.0524360612 0.0890260115 0.0743285269 0.993252039 0.0315712839 -0.0582625419 0.99780196 0.27729851 -0.137122065 0.950948536 -0.0442327112 -0.797783375 -0.601319492 0.0139180627 -0.922463298 -0.385833889 0.0226050243 -0.936039329 -0.351168692 0.874011815 0.454962969 -0.170622498 0.765586555 0.628092706 -0.139200717 0.79307729 0.469805986 -0.387699246 0.932547867 0.311004132 0.18338722 0.700901091 0.591271758 0.398917824 0.674460113 0.694259882 0.251210481 -0.992233932 -0.0887371823 -0.087164171 -0.823050499 -0.512210608 -0.245414168 0.913283885 0.379776597 0.147248864 0.0955212712 -0.0911219269 -0.991247952 0.0624604784 -0.263028115 -0.962764204 0.108639255 -0.314501762 -0.943019688 -0.973775089 -0.155888051 0.165713638 -0.988911271 -0.147976816 -0.0125445891 -0.834070683 -0.54355526 0.0942008644 0.988356352 0.151609316 -0.0128949899 0.953823209 0.202283204 -0.222042426 -0.970534682 -0.178538278 -0.161822587 -0.548901439 -0.768250346 -0.329391301 0.723777413 0.641613722 0.253925294 0.716819465 0.649773777 0.252910703 -0.252771139 0.927428067 -0.275651813 -0.217902139 0.891821146 -0.396451354 -0.69708842 0.696869552 -0.168643206 -0.986256063 0.161199182 -0.0362465233 -0.99822396 0.00809377991 -0.0590207539 -0.997210801 0.0745408386 -0.00377578847 0.997543693 0.0561878681 0.0418266468 0.975972891 0.00199881406 -0.217882723 0.989945173 0.0120682064 -0.140935734 0.0235986356 -0.995491564 0.0918674394 0.0331714191 -0.851639271 0.523077607 -0.0084741395 -0.997632086 0.0682527721 0.861884713 -0.47766006 -0.170280859 0.948052943 -0.282157242 -0.146911219 0.842394829 -0.50172019 -0.196590483 0.999591172 0.0278106853 -0.00663509546 0.990915 0.00939327944 -0.134161294 -0.985733271 -0.166590616 0.0240316223 -0.997281969 -0.0722764134 0.0143115316 -0.983681619 -0.166089818 0.0691710189 -0.98577106 -0.158006415 0.0573535971 -0.972802103 -0.0536363088 0.225342423 -0.349667937 0.439435244 0.827423096 -0.699483752 0.59992379 0.388347715 -0.769425571 0.412676901 0.487526506 -0.954196811 0.150778309 -0.258407295 0.804623365 -0.562891543 -0.189035147 0.716052234 -0.697163522 -0.0351037681 0.526118815 -0.825930655 -0.202577204 -0.999310017 0.035140153 -0.0120252771 -0.155991659 -0.739485681 0.654849291 0.798038602 -0.371080756 0.474798322 0.938882411 -0.344236016 0.00119624613 0.982632339 -0.132428303 -0.129986286 0.993090093 -0.114224404 -0.0269231591 -0.587989628 -0.777789354 -0.222062826 -0.0355527252 -0.996961117 0.0693148151 -0.338657409 -0.934319437 0.111168027 0.0857551247 -0.971891999 0.219253197 0.0659434721 -0.972488105 0.223424241 -0.233975381 -0.881238997 -0.410698563 -0.801415861 0.586743593 0.116036698 0.924748182 0.364257634 -0.110259376 0.967351556 0.219240651 -0.127139732 0.893465519 0.420904785 -0.156711504 -0.248298705 -0.966971457 -0.0575674772 0.996381164 -0.07125476 0.0463395417 0.988226831 -0.149450257 -0.0327475742 0.999759555 -0.0219231583 -0.000476688903 0.371120721 0.808305502 -0.457068563 0.0225479584 -0.829717457 0.557727993 0.0868775621 -0.926693618 0.365638047 -0.0312810913 -0.909451962 0.414630771 0.894307554 0.0985214487 -0.436471611 0.898990095 0.295162559 -0.32356751 0.870200038 0.404378027 -0.281478882 0.864966154 0.406129867 -0.294774562 0.718893707 -0.318998635 -0.617601514 -0.987402201 -0.115810491 -0.107818596 -0.999501646 0.021150155 0.0234339535 -0.996678829 -0.0410730094 -0.0703158751 0.174377471 -0.0584653653 -0.982941628 0.202172816 -0.141955212 -0.969007134 0.105452701 0.0990316421 -0.989480913 0.211351141 0.0573816895 -0.975724339 -0.00641281903 0.685404658 -0.728134096 0.236898735 -0.0388951227 -0.970755458 0.186575502 0.172983781 -0.96709162 0.217948824 0.0464003906 -0.974856555 0.877965271 -0.47846356 -0.015800355 0.954496503 -0.296821505 -0.028868854 0.99777931 -0.0501867384 -0.0437925719 0.814025223 -0.580781519 -0.00746985339 0.0322929807 -0.945160806 -0.325004876 0.0277714562 -0.942217886 -0.333847642 0.0385737568 -0.9435426 -0.328997552 -0.100731269 0.938991129 0.328860015 -0.0242079105 0.963204145 0.26767838 0.00922868028 0.926642179 0.375831157 -0.442597657 0.78053081 -0.441450953 -0.181337714 0.219370127 -0.95864141 0.0104334271 -0.999060929 -0.0420517623 0.136758998 -0.953957915 0.266948044 -0.948829353 0.0292721689 0.314429671 0.302774042 0.190932959 -0.933741152 0.319529086 -0.342671871 0.883446157 0.192869768 -0.490488619 0.849836528 0.1507902 -0.533718884 0.83210963 0.465655535 -0.13013646 0.875345349 0.0328825526 0.785882056 0.617501557 -0.0436655581 0.61004293 0.791164279 0.126046181 0.795912385 0.592145145 -0.0042084516 0.700118065 0.714014649 -0.274309427 -0.932733834 -0.234012708 0.0288965162 0.939078629 0.342485458 0.0258845165 0.944781125 0.326678157 0.0103615122 0.969634116 0.244340569 0.822403073 0.288528085 0.490310818 0.0413644575 0.997887194 -0.0501014665 0.158023879 0.983759046 0.08512716 0.101030253 0.97865504 0.178961515 -0.0459562391 0.998261333 -0.0369091667 0.108446531 0.284399629 -0.952552497 0.698543847 0.459834129 -0.548260033 -0.906632006 -0.119228959 0.404725611 -0.845894814 -0.382943362 0.371236265 -0.527316034 -0.190172151 0.828113735 -0.662989497 -0.490808189 0.565289497 0.838818371 0.34626779 -0.420098037 0.939374626 0.140620515 -0.312731773 -0.912791967 0.101699285 0.395560533 -0.980576694 -0.0279196799 0.194138646 -0.00178149692 -0.653826952 -0.756642044 0.136416405 -0.00477900077 -0.990640044 0.137743518 -0.0513862669 -0.989134073 0.947521627 -0.112958044 -0.299070626 -0.959012687 -0.142300427 -0.245041385 -0.971174538 -0.237511382 -0.0202091374 -0.367871106 -0.244008735 0.897290707 -0.160839453 0.277037859 0.947301805 -0.0651888996 -0.994740188 -0.0790084898 -0.0225547701 -0.99730593 -0.0698008686 -0.0362664722 -0.999318242 0.00691461889 -0.180806011 -0.372209013 0.910367846 -0.305438876 -0.347284406 0.886623144 -0.332791626 -0.494670242 0.802839398 0.561771154 0.144791454 0.814523518 -0.630725801 0.743497729 0.222252369 -0.560317278 -0.679899156 0.473055691 0.877953947 -0.250460446 -0.408003032 0.732936323 0.671586037 -0.108519897 -0.341729969 -0.880815208 0.3276968 -0.0601252541 -0.497989506 0.865096211 0.107176006 -0.617882967 0.77893132 0.0185367148 -0.557747602 0.829803586 -0.369109839 0.839709282 -0.398304164 0.0271193199 -0.976034403 0.215920001 0.325516671 -0.922164321 -0.208930209 0.0942978784 -0.995341003 0.020104954 0.0106089739 -0.969439805 0.245099738 0.55936718 -0.587161481 0.585106671 -0.999819934 0.000508885249 -0.0189696141 -0.967714965 0.117877208 0.222783923 -0.992175043 0.124572456 -0.00839278661 -0.162854895 0.804866135 0.570674002 0.375323951 0.183646277 0.908518553 0.192492992 0.403478116 0.894512057 0.0646268725 0.336307526 0.939532101 0.0360563099 0.00792213157 -0.999318361 0.034132272 0.0101005631 -0.999366283 0.0238114763 0.0217789356 -0.999479234 0.314404786 -0.0263430011 -0.948923409 0.298101217 -0.0242127627 -0.954227149 0.207720101 -0.0124808531 -0.978108704 0.19854404 -0.011296859 -0.980026841 0.73693043 0.465265155 0.490369171 -0.653962016 0.638493657 0.40578267 0.983422399 0.111464433 -0.143024802 0.946176767 -0.207617745 -0.248282954 0.944829702 0.188200951 -0.268099368 0.749329507 0.504013598 -0.429506242 -0.916617811 -0.386434853 -0.102371253 -0.401855707 0.891864777 0.207579508 0.980142057 0.119103 0.158543259 -0.919958591 0.244848639 -0.306145936 -0.0149634732 -0.0112349335 -0.999824941 -0.981017709 0.184313267 0.0602732971 -0.983748496 0.0847849846 0.158273071 -0.980722427 0.0765043721 0.179807097 -0.982685089 0.128104657 0.133862808 0.994926035 0.00705698039 0.100361541 0.996231437 0.00768522918 0.0863936916 0.996405125 0.0033850628 0.0846484825 0.102837004 -0.283836871 0.95334208 -0.0347751118 0.077402547 0.996393263 -0.0599699244 -0.0607468672 0.99635005 -0.979918003 -0.197645605 0.0263993461 0.522805512 -0.699618876 -0.487039894 0.800870717 -0.55859679 0.215813994 0.806300581 -0.548713744 0.220890403 0.821488321 -0.543989897 0.170973614 0.929697156 -0.327665865 0.168220848 -0.944430292 0.308372557 -0.113832355 -0.994263411 0.0943659991 -0.0503519662 0.0690557659 -0.820487022 0.567478895 -0.82106638 0.519162834 -0.237318158 0.720257699 -0.627909005 0.294888467 0.934513569 -0.354194462 0.0350807346 -0.901323795 0.410691321 0.137651801 -0.94616127 0.323695242 0.000522358459 -0.995059133 0.0804769695 0.0581441559 -0.982790709 0.141865313 0.118307635 0.899229705 -0.41096285 -0.149984941 0.857560575 -0.493806422 0.144031554 0.876641452 -0.476042867 0.0698779002 -0.889854848 0.448058933 0.0860324129 -0.841188967 0.500234187 0.205345899 0.823060393 -0.567614496 0.0196326487 0.826660573 -0.533084631 -0.180147186 0.807269514 -0.460271448 -0.369413167 0.991550982 0.05719845 0.116426006 0.991839886 0.0560441688 0.114510521 0.991568923 0.0571274124 0.11630813 0.184695497 0.121327035 -0.97527808 0.00856525451 -0.118525557 -0.992914081 -0.0593150035 -0.0699694082 -0.995784104 0.952869296 -0.302127421 0.0275525562 0.107922889 0.184445113 -0.976899505 0.0309737902 -0.999436796 -0.0129119493 0.0129084941 -0.994567275 -0.103292428 0.00902107451 -0.992420733 -0.122555055 -0.998306751 0.0333835632 -0.0476363264 -0.982952714 0.170105785 -0.0697711557 0.0820904374 0.972460449 0.218132734 0.0251052845 0.995281041 0.0937304795 -0.317263782 0.944695771 0.0830275416 0.0196459275 0.821939826 0.569235384 0.0838553756 0.647024453 0.75784409 0.0421760641 0.860654712 0.507439315 -0.47504884 0.82372427 -0.309526891 -0.426235288 0.830596149 -0.358376294 -0.268891603 0.899126649 -0.345352769 -0.987899959 0.142781585 -0.0605564043 0.999877334 -0.00377610396 -0.0151999295 -0.966667593 0.255939096 -0.00699465163 -0.525120437 -0.851013601 -0.00493549882 -0.50117588 -0.865111232 0.0201326851 -0.534804404 -0.844837427 -0.0152968075 -0.966152549 -0.256256521 0.02969696 -0.942264557 -0.32651934 0.0743142217 -0.999436617 -0.0144936256 0.0302712154 -0.491709322 -0.87024802 0.0298384242 -0.667927027 -0.744213939 -0.00437240535 -0.987834692 0.148071051 0.0475144163 -0.0338426866 0.997968078 -0.05398551 -0.719540298 0.692380607 0.0535799116 0.044958856 0.996010363 -0.0770848691 -0.0368124135 0.042805884 -0.99840498 0.00130094378 0.0497539714 -0.998760641 0.00237226998 -0.442173004 -0.896926641 -0.0067520719 0.0249225833 -0.999666572 -0.257892489 -0.0232912432 -0.965892851 -0.379201531 -0.00522313546 -0.925299346 0.0939015076 -0.985350192 -0.142364129 0.0886734426 -0.989471138 -0.114384785 0.0597781315 -0.997588336 0.0352720879 0.130469471 -0.972546577 0.19269383 0.0832615122 -0.94527781 0.315463692 0.0336445905 -0.859375358 0.510237277 0.0618192293 -0.684995949 0.725919425 0.709802866 0.668648124 -0.22156179 0.411631852 -0.911080658 0.0221642014 0.487220764 -0.873217523 0.0103465216 0.484998733 -0.874425232 0.0125211254 -0.0553596877 -0.390648246 0.918873906 0.778287649 -0.613546968 0.133523121 0.711364448 -0.696130753 0.0967606008 0.496243119 -0.868024528 0.016618887 0.890425503 -0.428813457 -0.152516961 -0.617136121 0.140758514 -0.774164081 -0.416936666 -0.342592567 -0.841899097 0.655054927 0.744042516 -0.131543607 0.541641951 0.813834131 -0.21047087 0.759262681 0.649337828 -0.0433647297 0.837715745 0.544630229 0.0401285589 0.542992711 -0.8336218 0.101161465 -0.935417712 0.350602537 0.0455139838 -0.210722119 -0.876981974 0.431855023 0.000668578781 -0.835154653 0.550014734 -0.0768771544 -0.94891727 0.306016266 -0.898088813 -0.213606507 -0.384458959 -0.405637681 -0.113862075 0.906914294 0.997975826 -0.0605737194 -0.0193654466 0.926769614 -0.0926129594 -0.364034206 0.998678684 -0.0054358677 -0.0511008799 0.825257361 -0.0912049785 -0.557343662 -0.114785574 -0.707723618 -0.697102249 -0.145175412 -0.73536557 -0.661937773 -0.26126641 -0.823494852 -0.503583252 -0.447831452 -0.445703983 0.775109649 -0.444433302 -0.894127071 0.0549169667 -0.518853128 -0.84504813 0.129170686 -0.598559916 -0.762879014 0.24442102 0.997012556 -0.0685297623 0.0356311239 -0.33884865 -0.940825462 -0.00539109111 -0.347477913 -0.937498987 -0.0188335292 -0.912951291 -0.076964885 0.400744766 -0.910764813 -0.0750896409 0.406040639 -0.911242604 -0.0754972696 0.404891372 0.671624541 -0.740087569 0.0345094912 0.630938053 -0.752184451 0.190093964 0.565831602 -0.750221312 0.342056334 0.539444447 -0.707675874 0.45628342 -0.130905613 0.971205235 0.199058175 -0.183941543 0.971056581 0.15236342 -0.0926797539 0.871037364 0.482394367 0.462395251 -0.884765923 0.0581363961 -0.156484157 0.00386364618 -0.987672925 -0.0995462537 -0.992071569 -0.0767108947 -0.0296917874 -0.987951696 -0.151887789 -0.0939864293 -0.99212718 -0.0827658549 -0.124225125 0.979115963 -0.160934955 -0.267414957 0.963539779 -0.00896508526 -0.144960254 0.979523599 -0.139713958 -0.0114227086 -0.958861828 -0.283643186 -0.800348461 -0.548046649 0.243078619 -0.179449514 -0.58179456 -0.793292463 0.77397573 -0.616685152 0.143739253 0.851572096 -0.523203909 0.032903336 0.84799552 -0.525044978 -0.0723278522 0.704593956 -0.680114508 0.202463746 0.939626157 -0.341047823 -0.0280903988 -0.17222473 -0.983974278 -0.046186734 0.591892719 -0.717512786 0.367203534 0.966099679 -0.250918746 0.0607551374 0.153353795 0.792029142 -0.59090811 0.0130938124 0.793205202 -0.608813643 0.207384169 0.946797013 -0.246104196 -0.0899971053 -0.937003851 -0.337526798 0.0637923032 -0.00195823004 0.997961283 0.00524413865 -0.0057866713 0.999969482 0.0788046718 0.0125911254 0.996810555 -0.920672178 0.0822553858 -0.381571531 -0.926254392 0.211910799 -0.311683446 -0.926712334 0.174863353 -0.332606465 -0.322809398 -0.930989206 -0.170450076 0.252441227 -0.288296938 0.923665702 0.427331477 -0.0672816038 0.901588023 0.124823488 -0.189048767 0.974001884 0.99348712 -0.0294959471 -0.110060632 0.0528065935 0.982430875 0.179000139 -0.091241017 0.988001049 0.124615401 -0.0657606199 0.982426167 0.174683586 0.00415854063 -0.690232337 -0.72357589 -0.00571518485 -0.855336428 -0.518041372 -0.119745091 0.971647322 -0.20386903 0.141896367 0.987971008 -0.0614710748 0.0137613127 0.999819219 0.013120411 0.0438148901 -0.502160609 -0.863663733 0.0986696705 -0.653581262 0.750397086 0.0372272953 -0.847831964 -0.528956592 0.0790286884 -0.929454684 -0.360372633 0.113728508 -0.973866701 -0.196594596 0.599241614 0.333589673 -0.72775501 0.599106431 0.332891345 -0.728186011 0.599305868 0.333922416 -0.727549493 -0.180101424 -0.533533752 0.826380789 -0.18981196 0.957855046 0.215604216 -0.196617872 0.947392523 0.252564609 -0.20935446 0.922084987 0.325468928 0.448128432 0.305375367 0.840194464 0.598995984 0.332322001 -0.728536844 -0.234487683 -0.861241877 0.4508636 -0.211972237 -0.861213505 0.461929679 -0.114068076 -0.854950607 0.506011844 -0.15034242 0.988412917 0.0209064689 -0.334247053 -0.854611099 0.397389889 -0.0266077444 0.865272999 -0.500594318 -0.108851478 0.931614518 -0.346764684 0.051989805 -0.474738806 -0.878589869 0.0209800489 -0.617250383 -0.786487043 0.0911238343 -0.26146242 -0.960902631 0.0478271656 0.213825479 -0.975700378 0.0830830038 0.037895266 0.995821834 0.510087252 -0.0520502441 0.858546317 0.176178142 0.0192755479 0.984169543 -0.751696706 -0.0179641992 0.659264266 0.907885015 -0.0344591737 -0.417800575 0.911530435 -0.0363224111 -0.409625322 0.930648685 -0.0467658974 -0.362913132 0.0972653106 0.911879897 -0.398766279 0.0251244307 -0.988774002 0.147291198 -0.972886562 -0.22894159 -0.0328244381 -0.955753744 -0.26920253 -0.118595071 -0.960102439 -0.279209256 -0.0156695843 0.647042751 -0.761825681 -0.0309397951 0.408014059 -0.912953258 0.00639230199 0.328947455 -0.943583786 0.0379897282 -0.9506585 -0.28442046 -0.123908937 -0.903589785 -0.405603468 0.137881413 -0.341212183 -0.062255308 -0.937922478 -0.15135251 -0.988283873 -0.0196817312 0.778281927 -0.623067915 0.0778689384 0.0261978209 -0.809044838 0.587162733 0.1130604 -0.943844438 0.310443342 0.179640085 -0.917175174 0.355695337 -0.0569668226 -0.690027058 0.721538246 -0.863541961 -0.503445387 -0.0289475303 -0.818362713 -0.56813401 -0.0866384879 -0.877614975 -0.435423523 0.20049502 0.762496591 -0.61065203 -0.213782862 -0.0597822592 -0.988170564 -0.141226992 -0.0782680809 -0.749702156 -0.657130718 -0.0420768447 -0.852244556 -0.521448731 0.401504755 -0.915816963 -0.00855428725 0.065510951 0.985523403 -0.156371146 0.0600665659 0.98133111 0.182705313 0.255947202 0.949189544 -0.183112532 -0.949993551 -0.195258707 -0.24369292 0.0344847552 -0.749795318 0.660770655 0.86934042 -0.313693076 -0.381895125 0.864959955 -0.41715619 -0.278971404 -0.671010852 0.288628876 0.682962537 -0.818207383 -0.566328406 0.0990391895 -0.838503122 -0.544879138 0.00438338565 -0.691048563 -0.722723305 -0.0110860895 0.830353558 -0.454287797 -0.322700441 -0.964818954 0.236169428 0.115535319 -0.094190076 -0.726119041 -0.681086957 -0.185075939 0.26000005 0.947706103 -0.0811749846 0.211245432 0.974056482 0.00370016135 0.308706939 0.95115 0.0547919273 0.973016441 0.224135906 0.950278819 -0.274497658 0.147041589 -0.970433712 0.0258388389 0.239980817 -0.66721499 0.744713545 0.0150315128 0.87246263 -0.486384034 -0.0473235697 -0.811652243 0.584139585 0.00125740829 0.968108356 -0.0593752936 -0.243394181 0.189478204 -0.197946653 0.961725056 0.30286622 -0.12770085 0.944438756 0.0947130769 -0.252450585 0.962963223 0.296161652 0.929752111 -0.218744695 0.395880908 0.307208151 0.865390956 0.269921273 -0.706627905 0.654079139 -0.107872643 0.993812859 0.0264476035 -0.077801533 0.994207978 0.0741448551 0.972203314 -0.213615775 0.0958595052 -0.0142791243 0.958231032 0.28563863 0.0222037844 0.983365774 0.18027404 -0.014866109 0.95919162 0.282365859 0.493326545 -0.789568603 -0.364979982 -0.104500964 -0.851399124 -0.514003038 -0.00152535934 -0.859251857 -0.511550486 -0.14341037 -0.837244868 -0.527687848 0.907667339 0.419644207 -0.00622032769 0.0317736678 -0.999482512 -0.00500858994 0.0668134764 -0.953713059 0.293201864 0.0169896446 -0.974358976 0.224356815 -0.875107467 0.163590088 0.455439627 -0.951340318 0.0790385678 0.297833055 -0.856793582 0.179034188 0.48358196 0.000938694575 -0.908642948 0.417572945 0.0289643779 0.755696118 -0.654281616 0.0253346991 0.721036434 -0.692433834 0.0139245018 0.604240835 -0.796680033 -0.320715219 -0.764026344 -0.559826314 -0.775859296 0.235870093 0.585156143 0.985323012 -0.118169904 -0.123184741 0.888774395 -0.346607834 -0.299905062 0.997122049 -0.0532297492 -0.0539838448 0.993923068 0.0383437909 -0.103182547 0.998909295 0.022277683 0.0410357155 0.998349488 0.0546238758 0.0177341141 0.997954547 -0.06221582 0.0146928532 0.205807328 -0.671470404 0.711878359 0.253541976 -0.763756096 0.593627095 0.217468426 -0.762060702 0.609894216 0.0178687405 -0.630391657 -0.776071608 0.656873941 0.013475962 -0.753879964 -0.870046496 -0.453089505 0.194239587 0.210667595 0.0717985556 -0.974917471 0.424000502 0.220612124 -0.878381371 0.0553899221 -0.133691534 -0.989473879 -0.461623222 0.886111259 0.0413617752 0.785663068 -0.54819411 -0.28673467 0.724841058 -0.650106788 -0.227961987 0.835622549 -0.428058237 -0.344239891 -0.817364991 0.101056151 -0.567187905 -0.546960413 0.618937314 0.56369406 -0.217587605 0.86787951 0.44658789 -0.134732902 0.888408005 0.438837469 0.982717812 0.0373454913 0.18130374 0.992857039 -0.00906972308 0.118964925 0.931270063 0.0861608237 0.353994936 0.0757812783 0.843868732 0.531171143 0.107189886 0.817310333 0.566139698 0.784207344 0.300202191 0.543044627 -0.0841311365 0.238601387 0.967466474 0.0259199236 0.109251983 0.993676066 0.133547559 0.0258016232 0.990706503 0.932042897 -0.0415714085 0.359955281 0.936822116 0.125925899 0.326354146 0.854529202 0.0337506607 0.5183056 -0.966990948 -0.254289836 -0.0162827261 -0.0135637028 0.919667542 0.392463595 -0.0235064626 0.94499141 0.326249361 0.0215449724 0.975236356 0.220113412 -0.325506836 0.843898773 0.426474065 -0.552923501 0.706370533 0.44194597 -0.885692179 0.433256507 0.166847885 0.976292133 -0.211148977 -0.0476420484 0.870382369 -0.479180962 -0.113226078 0.183227524 0.72841233 0.660184145 0.135797039 0.802614033 0.580835521 -0.556379914 0.754230022 0.348681092 -0.626095176 0.6836555 0.374993384 0.0203895085 0.990143239 0.13856639 0.999819338 0.0185964778 -0.00392818172 -0.664252996 0.528640032 0.528495729 -0.0932728872 -0.977439642 0.18950443 -0.0651608258 -0.972354114 0.224235401 0.44237113 -0.886546314 0.13543801 0.126774088 -0.950452924 -0.283844203 0.247011974 -0.90528965 -0.345594734 -0.529723406 0.79477638 0.296181709 -0.692529321 0.677335382 0.248233587 -0.117749721 0.847555935 -0.517478406 -0.214377046 0.959478557 0.182875335 -0.655289233 0.738764167 0.157554969 -0.538364708 0.771748662 0.338478118 -0.504922926 0.462884218 0.72855407 0.148839265 0.684274077 0.713873804 -0.567356169 0.8207798 0.0665397719 -0.403029293 0.914817274 0.026013447 -0.469941884 0.882506847 0.0183384512 -0.825975597 0.562180459 0.0414423235 -0.341763169 0.934614837 0.0984534249 -0.360618442 0.926420629 0.108162612 -0.0383953936 0.703305542 0.709850013 -0.600509524 0.645255506 -0.472264379 -0.331017166 0.942557633 0.0448638871 -0.681748331 0.730279922 0.0437079147 -0.159340307 0.985531271 0.057782013 -0.692492187 0.721421957 -0.00220656605 -0.414293349 0.807273269 0.420322418 -0.26369679 0.940715313 0.213351116 -0.137894422 0.984482825 0.10852956 -0.407053679 0.758119583 0.509472311 0.851899505 0.506746233 0.132194966 -0.950923681 0.279137343 0.133515745 0.0419377871 0.779250383 -0.625307977 -0.0642268285 0.997932494 -0.00237943511 -0.38385582 0.378664523 -0.842180431 -0.260163039 0.303497314 -0.916626751 -0.371644676 0.375779867 -0.84892267 -0.0446821488 0.635533392 0.770779312 0.0774264634 0.68934232 0.72028625 0.269222289 -0.9608289 -0.0657810494 0.895304382 -0.363781363 0.257085919 0.692492664 -0.354366332 0.628393531 0.892605603 -0.450259924 -0.022831846 -0.755079031 0.655321062 0.0202475674 -0.857240379 0.51135695 0.0604400225 -0.599529862 0.785371661 0.154127702 0.0112780267 0.340082139 0.940328121 0.920978665 0.38444519 -0.0632472411 0.931448579 0.359105915 -0.0587069318 0.932400405 0.356809229 -0.0575901605 -0.892263591 0.405894727 -0.197775558 -0.855560601 0.480436742 -0.192864135 0.845189035 0.532827437 -0.0418371856 -0.600808144 0.362760186 -0.712344468 0.963394463 0.0103894966 -0.267886579 0.832444847 0.548352838 0.0796537921 -0.854231179 0.512321234 0.0884084776 0.048384428 0.998108327 0.0379296467 -0.060940668 0.996051908 0.0645511523 -0.0533541255 0.996635318 0.0622208491 0.51086539 0.858288229 0.0485574789 -0.0983452126 0.78473711 -0.611977041 -0.0116730668 0.971226215 -0.237872735 -0.26104787 0.833016157 -0.487789035 0.799542189 -0.600609243 -0.000891520758 0.917923212 -0.390836775 0.0682908669 -0.555629909 -0.602247715 -0.573213041 0.965211511 -0.181556642 0.188159406 0.947672844 -0.271024257 0.168706879 0.938862026 -0.142419472 0.313456297 -0.0176945049 0.9995206 -0.0254073478 -0.915859222 0.189358756 -0.3540411 -0.627855301 0.536543131 0.56384331 0.249691382 -0.165422603 -0.954090953 -0.888168752 0.295790493 -0.351659328 0.932560205 -0.1804149 -0.312701076 0.936837733 -0.313147932 -0.155799434 -0.994744897 -0.0104511287 0.101849861 -0.988990426 -0.0385444202 0.142871588 -0.908410311 -0.380978316 0.172180876 -0.975494146 0.0461617261 0.215128392 -0.909342527 0.318558097 0.267613292 -0.949588776 0.295160294 0.105648331 0.976920664 -0.19517225 -0.0867973119 -0.976861537 -0.0535180941 0.207068533 -0.942004621 -0.146222532 0.302069932 -0.858391941 -0.385988444 0.337899774 0.952084422 -0.0930921957 0.291323006 -0.974539161 0.0179904569 0.22349456 -0.00214765267 0.99446398 -0.10505601 -0.00179106602 0.994149148 -0.108001344 0.996140063 0.0847574398 -0.022830002 0.93677181 0.34989953 0.00537488097 0.99793458 0.0592311658 -0.0248640925 0.231309384 0.966925085 -0.107479475 0.370559573 0.927453518 0.0501556061 0.457605034 0.874883294 0.158672258 -0.399768978 -0.00823209342 -0.916578948 0.73592937 -0.0276723523 -0.676492572 0.900440335 0.0498860739 -0.432109386 0.785283923 -0.0193635691 -0.618832946 0.990956664 0.0112381829 -0.133710682 0.985688388 0.03623759 -0.164636761 0.975604296 0.139105961 -0.169840559 -0.445254803 0.487114638 -0.751310527 -0.981231093 0.147579864 -0.12411958 -0.0443079807 -0.969271362 -0.241970822 -0.212259814 -0.816407919 -0.537051141 -0.129270777 0.757832825 0.639514208 0.104064576 -0.0870525986 0.990753472 -0.000395259034 -0.174801588 0.984603584 0.229183495 0.0224796906 0.97312361 0.985030353 -0.167659298 -0.0400695577 -0.803973079 -0.0300982296 -0.593903542 0.609584093 0.771628261 -0.181650937 0.955396295 -0.268388778 0.123228922 -0.955468833 0.127867475 -0.265949667 0.977971137 -0.0867062807 0.189880118 -0.0760099366 -0.927975059 -0.364807814 -0.041648522 -0.967752576 -0.248435825 -0.0668477267 -0.931586921 -0.357319415 0.990638733 -0.0645806119 -0.120267496 0.0231706072 0.0195227545 -0.999540865 0.0371523201 0.00573794404 -0.999293149 0.0086790761 -0.0326462314 -0.999429286 -0.044945091 -0.0796415359 0.995809793 0.0353996381 -0.258944422 0.96524334 0.0578996502 0.135557145 0.989076257 -0.91767925 0.0150530916 -0.397036731 -0.979788721 -0.0946427435 -0.176229313 0.987828732 -0.0701143518 -0.138846621 0.997575641 0.0578867011 -0.0386255383 -0.889671743 0.455650628 -0.0294386484 0.000242405076 0.0871888846 0.99619174 -0.0981052965 0.255161941 0.9619084 -0.148514211 -0.423601627 0.893591166 -0.918296635 -0.226908013 -0.324413389 -0.84210217 -0.415329903 -0.344042152 -0.829588175 -0.438613743 -0.345545113 -0.290502131 -0.955450237 0.052185636 -0.929592252 -0.185539529 -0.318485975 0.995773494 -0.0439997911 0.0806170776 0.530911684 0.770853579 0.35201931 -0.358288437 0.931065142 -0.0688991323 0.292460382 0.920940638 -0.257556319 0.313904226 -0.265138924 0.911682785 0.191480339 -0.153744891 0.969380081 0.461819589 -0.0103919003 0.886913002 0.0499547608 0.109762259 0.992701769 0.0629111677 0.165162772 0.984257817 0.996301472 -0.00525609078 0.0857656673 0.687869251 -0.712502599 0.138477057 0.57233125 -0.813008964 0.107020229 0.626547217 -0.715242386 0.309623808 0.0997924358 -0.834011495 0.542647481 0.113759719 -0.0468432233 0.992403388 0.155710936 -0.0532492474 0.986366391 0.294799209 -0.300471485 0.907088935 0.0469853841 0.0453427918 0.997865915 0.0085203005 0.139504001 0.990184844 -0.496000081 0.245727643 0.832827628 0.499410063 -0.21892938 0.838247895 0.503818274 -0.212750435 0.837200344 0.43486014 -0.303768218 0.847715437 0.185421258 0.210810497 0.959780157 0.805892885 -0.508758605 0.302822262 0.647367477 0.0181529708 0.761961818 0.822316468 -0.179816902 0.539871752 0.559690177 -0.129282027 0.818555474 -0.188457236 0.609423339 -0.770121455 0.823257029 -0.0503083467 -0.565435171 0.908418655 0.0220804345 -0.417478144 0.928521693 0.0462407619 -0.368387431 0.76442337 -0.0581831075 -0.642083824 0.759988487 -0.0541615598 -0.647675872 0.953646183 -0.139924705 0.266420841 -0.745022058 -0.0412615575 -0.665762484 -0.903442144 0.0761836916 -0.421886653 -0.0512991734 0.064376466 0.99660629 0.849255443 -0.0764964819 0.522411227 0.400031537 -0.0514245741 -0.91505754 0.295313776 -0.0830819383 -0.951781034 0.696834207 0.0539435185 -0.715200782 0.741222262 0.0726404637 -0.667317688 0.09539406 0.964397073 -0.246654063 -0.737147748 -0.663909793 -0.12584503 0.0921335891 0.991085708 0.0962317064 -0.288101465 0.852368414 0.436423659 -0.923470616 -0.374566615 -0.0830778033 0.478713095 -0.870387673 -0.115147963 0.528078377 -0.848592818 0.0319912285 0.535553873 -0.844353557 -0.0157825314 0.995318055 0.0860742629 0.0439676046 0.999826193 0.0167821553 0.00811836682 0.986687779 -0.0882634521 -0.136589795 -0.989274383 0.0963634402 0.109773584 0.504702032 -0.164200932 -0.847534001 0.543142557 -0.138371468 -0.828160346 0.62558949 -0.0782279223 -0.776220441 0.455234736 -0.19567579 -0.868603647 -0.000151234781 0.273641169 -0.961831808 -0.0172623973 0.204288483 -0.978758514 -0.0620484874 0.0776003376 0.995051861 0.996977389 0.0249759275 0.0735680163 0.999311388 0.020635996 0.0308371577 0.999106646 0.0237000193 0.0349884517 0.120628551 0.807681441 0.577147663 0.0099964356 -0.762070656 0.647416651 -0.00955195632 -0.793728888 0.608196676 -0.0334678106 -0.00193477527 -0.999437928 -0.134990022 0.948533177 -0.286465615 0.270498931 -0.737003088 0.619400382 0.252778858 -0.751190424 0.60976696 0.244088754 -0.757937968 0.604938567 -0.0877478942 0.976250172 0.198080525 -0.111672051 0.975517452 0.18945992 -0.0756043717 0.976380289 0.202399477 -0.23564969 0.794973552 -0.559004664 -0.518744051 -0.690397739 -0.504237592 0.115791671 0.900255561 0.419681102 0.156279385 0.944568574 0.288733333 0.120344996 0.877475441 0.464277893 0.119181052 -0.985879242 -0.117635034 0.145730913 -0.907550275 -0.393846452 0.115913108 -0.989274979 -0.0888774693 0.14697969 -0.900206566 -0.409908712 0.965640724 0.237513453 0.105477065 0.958294034 0.282967031 -0.0400282368 0.995002806 0.00483113667 0.0997298285 0.998986304 0.0425369479 -0.0147283617 0.869471371 0.447389573 0.209432721 0.00147205149 -0.920782149 -0.390074492 0.993335903 -0.114960335 0.00824138336 0.990348995 -0.13857685 -0.00231454568 0.99487114 -0.100048974 0.0148856035 0.0157936104 0.978572071 -0.205297947 -0.0582940988 -0.838638186 -0.541560471 -0.117423937 -0.883955717 -0.452585816 -0.107480124 -0.871001124 -0.479379922 -0.0711614713 -0.700967789 0.709633887 -0.0454661287 -0.53591013 0.843049884 -0.0323332325 -0.834059 0.55072695 -0.0216809511 -0.844219148 -0.535559475 0.177846611 -0.211031705 0.961163998 0.224842042 -0.117139228 0.967328489 0.00766389351 -0.467465162 0.883978307 -0.0598589666 -0.939341247 -0.337720215 -0.0128989909 -0.767655015 -0.64073348 -0.0399694778 -0.508182108 0.860321701 0.188004434 0.971227527 0.146189511 0.0419863388 0.989516914 0.138178796 0.108865395 0.990557075 -0.0833364353 0.276598901 0.960699975 -0.0234232079 -0.0659711063 0.99690336 -0.0427964143 0.442614734 0.674334943 -0.591070712 0.586295068 -0.0432474725 0.808942378 -0.114935555 -0.990184367 0.0795278475 -0.0542164147 -0.981279433 0.18480055 -0.0171048138 -0.94866246 0.31582737 0.425919116 -0.856963396 0.290183812 0.168047637 -0.975792289 0.13996233 0.0997391716 -0.988622129 0.112598531 0.804057419 -0.276922584 -0.526123166 0.0149591872 0.990137637 0.139296934 -0.0634581447 -0.492417276 0.868042827 -0.72648412 -0.301533848 -0.617493391 0.988647699 -0.150066689 -0.00746485824 0.993921816 -0.10020075 -0.045598641 0.548834383 0.825135589 -0.133910924 -0.872693598 0.487803489 -0.0212989897 -0.00149810326 0.999995232 -0.0027069659 0.00461813249 0.498103976 -0.867105007 -0.0552845113 -0.87116456 -0.487868756 -0.235826015 -0.942737818 -0.235863402 -0.0156485625 0.997990906 -0.0613939948 0.0250741579 0.998578429 0.0470361002 0.0687648356 0.993831933 -0.0870025754 -0.00683978759 -0.866746604 0.498701811 -0.0201356988 -0.96168232 0.273425817 -0.305422574 -0.848657191 -0.431854188 0.219150245 0.0397805721 -0.974879801 0.0830424204 -0.988854289 0.123576522 0.0601739883 -0.995424628 0.074222222 0.967620492 0.241675392 0.0728257075 -0.883768439 -0.448506951 0.133397564 -0.972853839 -0.192716628 0.128123805 -0.950770736 -0.286544144 0.118014798 -0.00999045838 -0.9975003 0.0699523538 -0.242899328 -0.95161134 0.188243955 -0.221540794 -0.942762256 0.249236912 -0.995359898 -0.09359283 -0.0223403387 -0.974098742 -0.135808796 -0.180797219 -0.986913383 -0.0886086375 -0.134723946 -0.974174619 -0.050471656 -0.220082879 -0.972998559 -0.0305255763 -0.228783652 -0.108814158 -0.989484847 -0.0952850059 -0.993724585 -0.0558737665 -0.0968997329 -0.918189168 -0.0513266735 -0.392803013 -0.980540156 -0.0123467604 -0.195930123 -0.316413015 -0.944489479 -0.0884447172 0.394550711 -0.810342431 0.433214635 0.39755705 -0.816103399 0.419432551 0.424562395 -0.867010176 0.260844946 -0.457889766 -0.792860925 0.402130008 -0.499573767 -0.789904475 0.35563606 -0.531268835 -0.785360873 0.317744672 0.351062775 -0.726009727 0.591324627 -0.86353153 -0.342624456 0.37002942 0.704678833 0.654726505 -0.273424387 0.966512501 0.224969223 -0.123460196 -0.460531145 -0.0223605111 0.887361825 -0.298974484 -0.0499059409 0.952955246 -0.279887497 -0.0679445118 0.957625449 -0.533870101 0.0272184014 0.845128298 -0.406394362 -0.0860658884 0.909635246 -0.952323437 -0.0666948482 -0.297711074 -0.962476134 0.0414236598 -0.268186063 -0.999086678 -0.0389208831 0.0176347941 -0.88254118 0.187233955 -0.43135199 -0.998029709 0.0124421185 -0.0614967383 -0.944622397 -0.0948992223 -0.314137906 -0.995162785 -0.0636839941 0.0748023689 -0.884629786 -0.050332889 -0.463569582 -0.826576889 -0.106926508 0.552573442 -0.563118219 -0.153555736 0.811984301 -0.614987612 -0.133032262 0.777234018 -0.925537288 -0.0577982143 -0.374219388 -0.37099719 -0.110323854 -0.922057331 -0.830877364 -0.0696717426 -0.552076697 0.59180963 0.776525974 -0.216260895 0.412900656 0.83645612 -0.360352904 -0.699172139 -0.669462681 0.250954211 -0.673482478 -0.722392857 0.156747967 -0.309531033 -0.909447312 0.277661949 0.245612249 0.963902414 -0.102794729 0.0262300577 -0.981924415 0.187447071 -0.100735381 -0.959497511 -0.263091087 -0.143323973 -0.955870509 -0.256456345 -0.452197641 -0.861243427 -0.231898755 -0.604020834 -0.178008839 0.776834369 0.8875615 -0.460220248 0.0207816269 0.307075143 -0.70374316 -0.640664041 0.535585642 -0.681446135 0.498777628 0.710537314 -0.681642532 -0.174643204 0.649924397 -0.759226322 0.0342583992 0.689469218 -0.723731458 -0.0290684793 0.667827189 -0.743851185 0.0263120942 -0.707974792 -0.348308593 -0.614371836 0.650761127 -0.75015527 0.11737559 0.611352623 -0.78318876 0.113416553 0.619000733 -0.712222993 0.331023395 0.61568898 -0.204588071 0.760967016 0.882981181 -0.39160639 -0.258821696 -0.482800931 -0.344819605 0.804986119 -0.66564697 -0.745846212 -0.0250506364 -0.846715987 -0.0019256837 -0.532041669 -0.231898546 -0.970150173 0.070934169 -0.849730492 -0.521220565 0.0792920217 -0.8482216 -0.525176048 0.0686313435 -0.858964145 -0.472181469 0.198053628 -0.8079229 -0.431963682 0.400834024 -0.754564643 -0.165792972 0.634936869 -0.779591441 -0.50691843 0.36779201 0.993423104 -0.0143297669 -0.113601118 0.883491933 -0.46837312 -0.00828588102 0.986497343 -0.153400272 -0.0573704131 0.634113312 -0.754117548 -0.170900643 -0.517787695 -0.811538458 0.270741999 -0.693967283 -0.68463403 0.222902969 0.537669301 -0.8100366 -0.233992293 0.151454598 0.0677874908 -0.986137092 0.0052342508 0.00731327292 -0.999959588 0.0877720192 0.0491077341 -0.994929373 0.293102324 -0.38866654 -0.873515487 0.292841196 -0.390087783 -0.872969389 0.303132027 -0.330058306 -0.893964469 0.278630912 -0.461173266 -0.842427433 -0.586336434 -0.806307793 0.0779569 0.0336988606 -0.0055109188 -0.999416828 0.0507415235 0.0147258211 -0.998603225 -0.915811241 -0.328368545 0.231222495 -0.958475053 -0.218614459 0.183120862 -0.957422018 -0.0956837088 0.272374302 -0.934438527 0.0625217482 0.350593358 -0.987718105 -0.100736707 0.119436666 -0.981402278 -0.186153412 -0.0468665436 0.974905849 0.197043657 -0.103597425 0.938425124 0.0383749902 -0.343344778 -0.145213276 -0.291055858 0.945621252 0.704711854 0.208542392 -0.678152859 -0.730087996 -0.672598779 -0.120757937 0.132172287 -0.986119449 -0.100493617 0.229704857 -0.972585142 -0.0362466648 0.208960265 -0.976638377 -0.0501309223 0.0883506462 -0.987762094 -0.128531173 0.965798557 0.073906675 0.248537689 0.956434011 0.2017975 0.210977942 0.940160036 0.0764604062 0.332043499 -0.812499404 -0.0305958819 -0.582158566 0.879467487 0.300052345 -0.369466513 0.533984482 0.844075143 0.0489666089 0.465489537 -0.833672285 0.297169954 -0.751464427 -0.593432069 0.288339287 -0.721414328 -0.604500234 0.337847322 0.0786412954 0.554156125 -0.828689635 0.878916442 0.438239396 -0.188287407 -0.375448078 -0.926837146 0.00341298664 -0.545232058 -0.838264763 0.00584727665 -0.697286963 -0.716770411 0.00558075262 -0.706253231 -0.707937479 0.00555879995 -0.486103207 -0.873705983 -0.0184788462 -0.492709965 -0.870022714 -0.01724324 0.335213125 0.941421211 -0.036854405 0.11394085 0.990496099 -0.0770386755 0.958673 0.224670574 -0.174554303 -0.210024729 -0.977629542 0.0114066713 -0.169677541 -0.985478222 0.00649341894 0.855252802 0.517206788 -0.0322447717 0.652585924 -0.748931468 0.115036041 0.660278857 -0.738946259 0.134127587 0.643290997 -0.759499788 0.0966273323 0.00822116807 0.903900921 0.427662849 0.117927186 0.842062891 0.526329994 -0.0176153593 0.708996236 -0.704992235 0.948259592 0.257487714 0.185752019 0.946405053 0.0852229893 0.311535716 0.204353258 -0.612229705 -0.763815761 0.977111101 -0.192365482 -0.0908264667 0.590452969 0.803508759 -0.0757560357 -0.813865483 0.580710173 -0.0199655034 0.660911381 -0.7324633 0.163381726 0.788227797 -0.587016821 0.184684172 0.72253722 0.688948393 -0.0573595762 0.289450467 0.954865396 -0.0667120367 -0.721534014 -0.687238097 0.0842163712 0.808292508 -0.558069944 0.187673062 -0.634722888 -0.752791762 0.174445942 0.795246899 0.606176853 -0.0114871226 -0.923490763 -0.329513907 -0.196431562 0.881512761 0.467383116 0.0669946596 0.933862269 0.348707616 0.0793991685 0.595644891 -0.786808848 -0.161675632 -0.959504485 0.264744639 -0.0962360799 -0.00750865834 0.961963713 -0.27307409 -0.0756067783 0.988178313 0.133368969 -0.110107943 0.973806977 0.198937654 0.995241404 0.00685517211 -0.0971986726 0.980864167 0.160472974 -0.110244989 0.99155283 0.129681543 -0.00237848377 0.989067554 0.0596305467 -0.134868726 -0.0593667813 0.393685699 0.917326093 -0.951624453 -0.129015654 0.278865337 0.988167524 0.0393561311 0.148243055 -0.933806777 -0.139206767 -0.329585165 0.989000797 0.104580037 -0.104596719 0.0552469976 -0.996784747 0.0580341443 0.924845219 0.380320311 0.00421317527 -0.957896531 -0.264415264 0.111887343 -0.993512332 -0.099018231 0.0559344552 -0.957424819 -0.288679749 0.00131785031 0.964003444 0.245057762 -0.103169784 0.894483387 0.401085079 0.197560564 0.256730825 0.115015864 0.959614813 0.0803060383 0.151047289 0.985259175 0.600020289 0.798346817 0.0511663705 0.672377408 0.72207588 0.162834302 0.59029901 0.807176232 0.00368754915 0.642344654 0.749090075 -0.162041366 -0.260446161 0.378713816 0.888112426 0.0853482038 -0.886169672 0.455432773 -0.0318038389 -0.797266901 0.602788568 -0.277750224 0.472528219 0.836404145 0.00213582348 -0.302215159 0.953237355 0.250240833 0.503504395 0.826960027 -0.143038705 -0.953127801 0.266622096 -0.0860022753 0.0219002515 0.996054232 -0.910121143 0.147186741 -0.387318462 -0.749651253 -0.424610406 -0.507670224 0.799425721 -0.598428726 0.0529302806 0.991678417 0.119918562 0.0468349643 0.429241449 0.820912778 0.376635134 0.166790962 -0.982519507 -0.0826810747 -0.167930722 -0.288707137 -0.942574918 0.154462203 -0.604145348 0.781760693 0.0341097489 -0.861563504 -0.506502628 0.998709917 -0.00485799508 -0.0505457222 0.998894453 -0.00390501576 -0.0468462855 0.997417271 -0.0101558194 -0.0711032674 0.522082567 0.729226291 -0.44233337 0.0232963432 -0.287132114 0.957607687 0.0600411594 -0.286466151 0.956207216 0.281439215 0.368030578 0.886197209 0.0877047628 -0.400241017 0.912203372 0.605929315 0.164591476 0.778305411 0.819615245 0.48047924 0.312042475 0.786015868 0.284077764 0.549070954 0.881518781 0.0121294418 -0.471993119 0.808838964 0.0853405669 -0.581804514 0.896195173 -0.00659483485 -0.443611026 -0.873749912 -0.0440373681 -0.484377712 0.794696689 0.0820456669 -0.601436377 0.942061424 0.0208477974 -0.334791899 0.930843651 0.0271565504 -0.364407271 -0.905362725 -0.172793344 -0.387892812 -0.861383736 -0.385365903 -0.33092466 -0.713680744 -0.543862045 -0.441445202 -0.570585847 -0.644432068 -0.509056985 -0.321434259 -0.524576604 -0.78835237 0.00931929238 0.917280197 0.398133367 -0.989327967 -0.141481385 -0.0348305069 0.00313589559 0.615107775 -0.78843683 0.00112667226 0.600165784 -0.799874842 -0.0217557773 0.464157522 -0.88548547 0.623512745 0.780875742 0.0382743888 -0.903135538 -0.428656667 -0.0244884063 -0.889860988 -0.454590142 -0.0386674367 -0.878028274 -0.475936264 -0.050507769 0.904473186 0.424364507 0.0429299884 -0.0535585843 -0.772187471 -0.633133471 -0.991377831 -0.115975067 -0.0609900393 -0.982254386 -0.179036468 -0.0558773428 0.934098125 -0.0487934835 -0.353666335 0.416401327 -0.901362598 0.118976675 -0.727544129 0.686020136 -0.00747630978 0.0493676849 -0.900435507 0.432179093 -0.0403155051 -0.483784109 -0.874258339 0.475421786 -0.472617388 -0.742028952 0.0849200636 0.928579271 -0.36128819 0.135506883 -0.981289923 0.136776954 0.429397672 -0.901318669 -0.0569417104 -0.0567796864 -0.989925563 0.129705146 0.031429179 -0.986209512 0.162489861 0.991286337 0.0582380369 0.118151069 -0.0482188761 -0.998642981 0.0196768977 0.162260219 0.261447042 -0.951481521 0.0657875761 -0.883367956 0.464039862 -0.977757037 -0.208502054 -0.0227609146 -0.96516341 -0.261643112 -0.00156806817 -0.00764089869 0.998751521 0.0493666343 -0.011301104 0.998689175 0.0499220118 0.999981523 0.00550627382 0.00258287555 0.999994993 0.00313509023 -0.000421646546 0.999993145 0.00369339413 0.000285773247 0.999995589 0.00140747207 -0.00261066738 0.996342659 0.00586093869 0.0852464512 0.99675709 0.0050004716 0.0803138912 0.996396005 0.00575305941 0.0846281126 0.996830821 0.00484159961 0.0794030279 0.0430378541 0.230865315 0.972033381 0.0990236476 -0.985312104 -0.139119998 0.00737980707 0.316337734 -0.948617935 -0.010460983 0.997626781 0.0680544376 -0.00914518721 0.998169661 0.0597808659 0.0661108419 -0.666778684 -0.742317677 0.0673236996 -0.264352441 -0.962073445 0.102620035 -0.641754389 -0.760013402 -0.0179732461 0.995862842 0.0890741944 0.0369046032 -0.737823248 -0.673984408 0.0808427334 -0.690088689 -0.719195426 0.869190156 -0.491585106 0.0534096174 0.892133057 -0.449146122 0.0486455001 -0.045626644 0.431437969 -0.900988042 0.00131969096 0.556896389 -0.83058095 0.0354158133 0.900798082 0.43279162 -0.000791601022 0.684420228 -0.729087293 0.89205271 0.451862872 0.00786993001 0.983938098 -0.124298058 -0.128124177 0.976419926 -0.0720749721 -0.203492716 0.988346696 -0.117336497 0.0969687551 0.0494202077 -0.991233587 0.122530036 -0.00313560176 0.996021986 -0.089052476 0.00172498845 -0.99915874 -0.0409737043 -0.0573420487 -0.0216861796 -0.998119056 -0.188591182 0.0172451064 -0.981904268 -0.114476517 0.00420399895 -0.993417084 -0.367640674 0.00288463128 0.92996347 -0.386815488 0.00359779713 0.922150135 -0.213786185 -0.00255446765 0.976877153 0.866525888 -0.0172878988 -0.498832673 -0.591471136 -0.77684015 -0.216058388 -0.0113998586 0.126357689 -0.991919219 -0.0153732384 0.0460734852 -0.998819768 -0.016545618 0.138087034 -0.99028188 -0.992084205 0.0264335889 -0.122760803 0.045985356 -0.00332627376 -0.998936594 -0.83202517 0.553914785 0.0302085299 -0.997674167 -0.00176656572 -0.0681409836 0.420172423 0.691140592 0.588030398 -0.000655778218 -0.332904309 0.942960382 0.251212746 -0.773739755 0.581565917 -0.992481709 0.0505745895 0.111455187 -0.992686987 -0.0371107608 0.11487072 -0.990457416 0.0921050906 0.102521881 0.00834163558 0.972316027 0.233520687 0.993635416 -0.0204141773 0.110778585 0.996800244 -0.0134082427 0.0788000971 0.996432781 -0.0143629024 0.0831587538 0.0346958451 -0.999380589 0.00588893006 -0.0266091563 0.858448684 -0.51220876 -0.0325400941 0.980516374 -0.193723351 0.0882902294 0.995683074 0.0286357217 0.99313432 -0.0213428866 0.115016229 0.0465317927 -0.910773993 0.410274923 0.985741317 -0.0269588474 0.166094184 0.0793234706 0.976727188 0.199278131 0.0677818358 0.986944735 0.146101549 0.0690936446 0.985943973 0.152120039 -0.0982844159 -0.00443145121 0.99514848 -0.115616873 0.00259777205 0.993290484 -0.156129792 0.110717803 0.981511593 -0.971345186 -0.237050891 0.0171880666 0.00609465409 -0.939799607 -0.341671735 0.560163856 -0.828379393 0.0020079331 0.881519198 -0.110821061 0.458958119 0.990244329 -0.0398666412 0.133517146 0.839702845 -0.123214312 0.528883159 0.951052606 -0.0578776971 0.303560644 0.996120393 0.0110826921 0.0873001143 0.869931161 -0.0808894262 0.486494303 0.927807927 -0.261116624 -0.266440511 0.999139369 0.0413026363 0.00383060612 0.998942971 0.0459512994 -0.00118458946 0.998676836 0.0201788526 0.0473005287 -0.854153991 -0.519961059 -0.00784205738 -0.820122242 -0.572078943 0.0111883329 0.0285948534 0.689058661 -0.72414124 0.156105086 0.490717888 -0.85722059 -0.933256507 -0.268347502 -0.238792703 -0.913464725 -0.0774090365 0.399487138 -0.914704204 -0.40396899 -0.0111902151 -0.0813283622 -0.0188344289 0.996509373 -0.0519676171 0.0284311343 0.998243988 -0.0362161845 0.045342233 0.998314798 -0.073403962 -0.00427188491 0.997293115 -0.055264309 0.000685165229 0.998471498 0.0897575915 0.0329180658 0.995419502 0.36949417 0.891540647 -0.26197207 0.144655868 0.349766523 0.925601482 0.00778202154 -0.967735648 -0.251847416 0.588718951 -0.0701291561 0.805289984 0.536773145 -0.741064131 0.403359026 0.00747554703 0.99997139 0.00116276136 -0.665956378 -0.733014226 -0.138536379 -0.932029188 -0.00520828459 -0.362345845 0.749822915 -0.483533204 -0.451620638 0.999229848 -0.0271163285 -0.028361883 0.991275072 0.0325390883 -0.127730131 0.989667952 0.0965749323 -0.105974421 0.993663847 0.0920710638 -0.0644602776 0.995999277 0.0527220853 0.0721512064 0.999695659 -0.0190649331 -0.0156579092 0.996712446 0.040639136 0.0700910762 0.877496481 0.25064978 0.408869863 0.99934417 -0.0242150091 -0.0269226115 0.999995291 -0.00295410026 0.000845351082 0.99996382 -0.00720302947 0.0045189946 0.999997854 0.000138081668 -0.00207655085 0.999777973 0.0181700103 -0.0106715336 0.999934614 -0.00136384089 -0.0113534145 0.999962687 -0.00373947597 -0.00778888632 0.0328998566 0.224099189 -0.974010885 -0.994611025 -0.0553676113 0.0876545385 0.918490767 0.332998008 -0.213276803 -0.044164747 0.0487274528 -0.997835219 -0.0307159014 0.0297631789 -0.999084949 -0.0339361355 0.0460994951 -0.998360217 -0.0319918953 -0.88315177 0.467995226 0.114443094 -0.846737266 -0.519556284 0.108075291 -0.858087718 -0.502001226 -0.00829281844 0.992619991 -0.120982803 0.997163892 -0.0744336098 0.0111289863 0.999811769 -0.0165495481 -0.0101247067 -0.010551353 -0.290436685 -0.956836045 0.862326503 -0.330815673 -0.383345813 -0.0223558098 0.119303219 -0.992606163 0.975986362 0.166890591 -0.139993384 -0.315738857 -0.793770254 0.519843936 -0.0347642526 0.998719335 0.0367579684 -0.0112561416 0.0519734919 -0.998585045 -0.018156698 0.0511021391 -0.998528361 -0.0225731526 0.022418648 -0.999493778 -0.0334733948 0.00642267754 -0.999418974 -0.0382783636 0.0113507444 -0.999202669 -0.0476583391 -0.872793257 0.485757828 0.0676192865 -0.83584559 0.544784129 0.096489124 -0.849132776 0.519291222 0.312452197 -0.864394963 0.393947929 -0.942308307 0.297290623 0.153861359 -0.365156353 -0.161523238 0.916826606 -0.786915958 0.614702225 0.0538924001 0.142635167 -0.0479144491 -0.988614917 0.148866549 -0.0463402793 -0.987770915 0.11026343 -0.0560356826 -0.992321491 -0.00970583502 0.0925243795 0.995663106 0.0476578213 0.0550542846 0.997345328 0.0402590185 0.0539474301 0.997731864 0.838047147 0.544132948 -0.0399539359 0.986092746 -0.00895227771 0.165954798 -0.0896453112 0.783715129 -0.614617229 -0.999892116 0.00255403854 0.0144631881 -0.993289649 0.0265673529 0.112560235 -0.997901797 0.0236999691 0.060251765 -0.997236431 -0.00669784704 -0.0739908144 -0.999962568 -0.00329050561 -0.00800226722 -0.993132114 -0.00897409674 -0.116653554 -0.998740435 0.0121928509 -0.0486707576 -0.999970615 0.00585690932 -0.00494520832 0.00455636205 -0.72473681 -0.68901068 0.035384234 -0.978093922 -0.205134615 -0.99645555 0.0789301917 -0.0290927645 -0.996140599 -0.000274693943 0.0877715945 0.954911828 -0.275568217 -0.110478789 -0.917706132 0.303200752 -0.25668034 0.103372261 -0.696303606 -0.710264325 -0.940864682 0.0185877606 0.338272333 -0.0207701232 0.00980162807 -0.999736249 -0.0350914337 0.131112799 -0.9907462 0.0179280024 -0.997909963 0.0620830432 -0.0142082153 -0.99321723 0.115402199 -0.984874904 -0.170539603 0.0306204855 0.999995112 0.00217574858 -0.00225031306 1 -2.03085037e-05 -0.000146826133 0.99999994 -0.000335037621 0.000154636451 0.999994159 -0.00254630996 0.00227269903 0.717166305 0.696815848 0.0109622451 0.0817439184 0.974171221 0.210495636 0.998522699 0.0366786942 -0.0400887355 0.995699346 -0.0504309945 0.0777146444 -0.0239843242 0.407515854 -0.912883103 0.819800794 0.179037854 -0.543941259 -0.0470789075 -0.96404314 0.26154232 -0.000570043107 -0.933618128 0.358269244 0.0196585637 0.005668303 -0.999790668 0.00549888145 -0.000469393883 -0.999984741 0.0120989643 0.00111569767 -0.999926209 0.000930561044 -0.00266523566 -0.999996006 0.0081693437 -0.00335928588 -0.999960959 0.932562292 -0.359827816 -0.0291804411 0.950462162 -0.310723275 -0.00852932315 0.986931801 -0.151047856 0.0561268479 0.579948008 0.082059294 0.810510099 -0.997322738 -0.0010736431 -0.0731175393 -0.99984163 0.00762076909 -0.016083248 -0.999764919 0.00694269268 -0.0205392782 -0.996271014 -0.00307636149 -0.0862239003 0.715454996 -0.00505913422 0.698640525 0.116694607 0.810981691 -0.573315859 -0.133782193 -0.589761257 -0.796419501 -0.85806042 -0.47940141 0.184137389 0.0917019323 0.992402077 0.0820297673 -0.0520730503 -0.130748302 0.990047097 0.00538322981 0.662542462 0.74900496 -0.0305783879 -0.820179462 0.571288526 0.0173921306 -0.0695016906 0.997430205 -0.00194367941 -0.0914707035 0.99580586 0.0211173147 -0.0652603731 0.997644782 0.0399214029 -0.043807447 0.998242021 0.83945328 0.542848408 0.0251760259 0.278773963 -0.730177402 0.623799741 -0.115908884 0.975321531 0.187917724 -0.790461183 0.574349523 -0.212823197 0.0280795917 -0.998747826 0.0414037108 0.0161942188 -0.998293459 0.0561067089 0.193747446 0.962273479 -0.191028029 -0.0362853594 -0.0805120245 -0.996092975 0.0335241742 0.822954297 -0.567117631 -0.24987638 -0.968276083 0.00179494987 0.10469164 -0.0574240088 -0.992845476 -0.531180739 0.0346439704 -0.846549928 0.992150784 -0.0989524499 0.0764544606 -0.36986205 0.00361626782 0.929079652 0.901720524 -0.400304347 -0.163268298 -0.935218155 0.353853643 0.0124351205 -0.0462636575 -0.0383364446 -0.998193383 -0.0466802306 -0.00673572533 -0.998887181 -0.0458806232 -0.00589054357 -0.99892956 -0.00435322383 -0.349066645 0.937087774 0.950832903 -0.0871017575 -0.29720366 0.0580102243 -0.200570464 -0.977960289 -0.00535042956 -0.128445566 -0.991702139 0.688525438 0.724918962 -0.0206206422 -0.608089447 -0.767455816 -0.203073263 -0.630550385 -0.74792552 -0.207397372 -0.829065681 -0.558347225 -0.0299740378 -0.580388427 -0.81431824 0.00592080224 0.330025941 0.932765961 -0.145019323 0.995589256 0.0585765466 0.0732855275 -0.208129898 -0.00276422012 0.97809726 -0.0177306402 -0.987813473 -0.154628977 -0.0184579231 -0.986853898 -0.160557538 0.885154009 0.46001476 -0.0699199587 0.139247641 0.0503196754 -0.988978267 -0.0246693678 0.441321105 -0.897010088 0.00601745024 -0.859079063 -0.511807561 -0.866951227 -0.135315821 0.479671985 0.00703915488 0.528441787 -0.848940372 0.0173867978 0.785788953 0.618250251 -0.0337409265 -0.880712628 0.472447693 0.791747987 0.521732688 0.317695051 -0.0481718779 0.998361588 -0.0308811199 0.984804213 -0.111700289 0.132980317 -0.997470558 -0.0131292306 0.0698574334 -0.999292314 0.00560133299 -0.0371954441 -0.998318672 -0.0166812204 0.0555117726 -0.99129796 0.0169919319 0.130535901 -0.998811424 0.00387250935 -0.0485875607 -0.991178453 0.0324919894 -0.128489658 0.996721148 -0.0124372616 -0.0799516961 -0.922555208 -0.285455436 -0.259628654</float_array>
          <technique_common>
            <accessor source="#normals_array" count="1343" stride="3">
              <param name="X" type="float" />
              <param name="Y" type="float" />
              <param name="Z" type="float" />
            </accessor>
          </technique_common>
        </source>
        <vertices id="vertices">
          <input semantic="POSITION" source="#positions" />
        </vertices>
        <triangles material="scout_b2b2b2" count="1210">
          <input semantic="VERTEX" source="#vertices" offset="0" />
          <input semantic="NORMAL" source="#normals" offset="1" />
          <p>0 0 1 0 2 0 3 1 4 2 5 3 6 4 7 5 8 6 3 1 9 7 4 2 10 8 11 9 12 10 13 11 14 12 15 13 3 1 16 14 17 15 16 14 18 16 17 15 19 17 20 18 21 19 7 5 22 20 23 21 19 17 5 22 20 18 19 17 3 1 5 22 24 23 25 24 26 25 27 26 28 27 29 28 30 29 31 30 16 14 23 21 32 31 33 32 34 33 19 17 35 34 36 35 37 36 38 37 39 38 40 39 41 40 42 41 31 30 30 29 43 42 31 30 44 43 45 44 46 45 47 46 48 47 49 48 50 49 51 50 52 51 31 30 53 52 54 53 55 54 52 51 44 43 31 30 55 54 56 55 57 56 58 57 59 58 60 59 61 60 32 31 22 20 62 61 63 62 64 63 65 64 45 64 66 64 54 65 52 65 51 65 52 66 54 66 53 66 67 67 68 68 69 69 52 70 55 70 44 70 57 71 44 71 55 71 70 72 29 28 6 4 71 73 72 74 70 72 73 75 7 5 23 21 8 6 7 5 73 75 5 76 4 76 20 76 74 77 75 78 76 79 77 80 6 4 8 6 78 81 79 82 80 83 18 16 81 84 17 15 73 75 23 21 33 32 1 85 82 86 2 87 32 88 34 89 33 90 33 90 34 89 35 91 24 92 26 92 35 92 19 17 21 19 35 34 35 93 21 94 83 95 80 83 51 50 78 81 83 96 24 23 35 97 83 96 84 98 24 23 85 99 84 98 83 96 86 100 82 100 87 100 88 101 89 102 90 103 88 104 91 105 92 106 91 105 88 104 90 107 91 108 90 109 93 110 92 111 94 112 88 113 93 114 94 114 92 114 95 115 96 115 97 115 82 86 98 116 99 117 90 118 94 118 93 118 94 119 100 119 101 119 101 120 93 121 92 122 100 123 93 121 101 120 102 124 101 125 92 126 102 124 103 127 101 125 100 128 103 128 102 128 104 129 105 130 106 131 107 132 108 132 109 132 110 133 107 134 111 135 110 133 112 136 107 134 113 137 114 137 15 137 31 30 18 16 16 14 31 30 115 138 18 16 116 139 27 26 117 140 118 141 117 140 72 142 118 141 116 139 117 140 31 30 118 143 115 138 116 144 118 143 31 30 43 42 116 144 31 30 119 145 120 146 116 139 47 147 121 148 122 149 43 42 119 150 116 144 117 140 29 28 72 142 18 151 56 55 81 152 115 138 118 143 18 16 118 141 72 142 123 153 124 154 118 141 123 153 125 155 126 156 127 157 128 158 123 153 129 159 130 160 124 154 123 153 130 160 123 153 128 158 131 161 124 161 130 161 132 162 131 162 130 162 133 163 130 160 128 158 131 164 133 164 128 164 132 165 133 165 131 165 134 166 132 166 130 166 135 167 124 168 131 169 136 170 137 170 138 170 139 171 140 172 138 173 139 171 138 173 141 174 137 175 136 175 140 175 142 176 143 177 144 178 145 179 146 179 147 179 148 180 149 181 150 182 151 183 105 184 152 185 80 186 41 187 51 188 41 187 54 189 51 188 52 190 53 190 41 190 52 191 41 191 80 191 153 192 154 193 44 43 52 194 153 192 55 195 153 196 53 52 55 54 44 197 57 197 53 197 44 43 53 198 153 192 61 60 155 199 32 31 24 23 108 200 25 24 156 201 41 40 53 202 52 194 154 193 153 192 156 201 53 202 57 203 157 204 156 201 57 203 155 205 158 206 34 207 159 208 160 209 104 210 54 53 161 211 55 54 162 212 158 212 155 212 122 213 158 214 162 215 122 213 163 216 158 214 164 217 61 60 165 218 166 219 167 219 89 219 168 220 155 199 61 60 122 213 169 221 163 216 164 217 168 220 61 60 143 177 120 146 119 145 163 216 170 222 78 81 164 217 165 218 171 223 172 224 173 225 174 226 175 227 154 193 79 82 176 228 163 216 169 221 177 229 170 222 163 216 176 228 177 229 163 216 178 230 172 224 179 231 180 232 181 233 175 227 181 233 182 234 175 227 183 235 86 236 184 237 40 238 185 239 85 240 185 241 183 241 85 241 40 238 186 242 185 239 122 149 121 148 40 238 121 148 186 242 40 238 152 243 113 244 151 245 40 39 39 38 122 246 169 247 122 246 39 38 59 248 187 249 188 250 189 251 190 252 191 253 155 254 168 255 162 256 168 255 37 36 162 256 169 247 39 38 176 257 147 258 192 258 193 258 38 37 37 36 168 255 194 259 176 257 39 38 194 260 177 261 176 262 180 263 177 264 195 265 195 266 177 261 194 260 181 267 180 263 182 268 38 37 188 250 36 35 188 250 196 269 36 35 197 270 188 250 38 37 188 250 187 249 198 271 59 58 188 250 197 270 138 272 137 272 141 272 185 239 199 273 200 274 49 275 201 276 202 277 203 278 204 279 205 280 206 281 207 282 208 283 208 283 207 282 209 284 206 285 210 285 207 285 210 286 211 287 207 288 212 289 213 289 214 289 212 290 215 291 213 292 216 293 50 49 49 48 215 294 212 294 214 294 217 295 218 295 219 295 145 296 220 297 217 298 145 296 217 298 219 299 146 300 145 300 219 300 221 301 217 301 220 301 146 302 219 303 221 304 146 305 221 305 220 305 208 306 222 306 223 306 224 307 225 308 211 309 226 310 227 310 228 310 66 311 45 312 229 313 230 314 231 314 232 314 233 315 234 316 232 317 222 318 233 318 232 318 225 319 224 320 233 315 235 321 236 322 237 323 233 324 238 325 225 326 238 325 239 327 225 326 240 328 241 329 242 330 243 331 226 331 244 331 243 332 245 332 226 332 246 333 244 334 239 335 241 336 247 337 248 338 227 339 226 339 245 339 249 340 227 340 250 340 249 341 250 341 251 341 245 342 252 343 227 344 243 345 252 343 245 342 252 343 250 346 227 344 253 347 251 347 250 347 254 348 253 348 250 348 252 343 254 349 250 346 193 350 255 351 145 352 256 353 138 173 140 172 151 354 257 355 207 356 199 357 136 358 200 359 136 360 139 360 256 360 258 361 259 362 260 363 211 309 210 364 224 307 58 365 261 366 262 367 121 148 263 368 264 369 46 370 265 371 217 372 190 373 189 373 266 373 267 374 208 283 209 284 268 375 215 376 214 377 221 378 269 379 217 380 270 381 146 381 269 381 271 382 269 383 220 384 269 385 146 385 220 385 270 386 269 379 221 378 270 387 272 388 271 389 271 382 272 390 269 383 272 388 270 387 221 391 269 392 273 393 217 372 221 394 273 395 272 396 220 397 145 397 255 397 267 398 274 399 208 400 275 401 274 401 267 401 254 402 276 403 214 404 36 35 277 405 37 36 266 406 189 406 191 406 278 407 274 408 279 409 278 410 222 411 274 412 274 408 275 413 279 409 238 414 278 407 279 409 239 415 238 415 280 415 246 333 239 335 280 416 246 417 280 417 281 417 282 418 281 419 280 420 243 421 244 421 246 421 283 422 243 423 246 424 284 425 283 425 246 425 283 426 284 427 285 428 276 429 254 429 252 429 240 430 248 431 286 432 248 433 240 433 242 433 46 45 219 303 265 434 154 193 43 42 44 43 154 193 287 435 119 150 154 193 288 436 287 435 287 437 60 59 119 145 171 223 143 177 60 59 289 438 290 439 291 440 292 441 288 436 154 193 292 442 156 201 157 204 182 234 154 193 175 227 182 234 292 441 154 193 60 59 59 58 171 223 288 443 292 443 287 443 58 57 60 59 287 437 293 444 287 437 294 445 58 57 287 437 293 444 293 444 294 445 295 446 296 447 59 248 58 365 295 448 294 448 297 448 298 449 295 449 297 449 298 450 297 450 299 450 299 451 297 451 300 451 300 452 297 452 294 452 298 453 300 453 295 453 300 454 294 455 301 456 300 457 298 457 302 457 261 458 58 57 293 444 303 459 107 459 109 459 107 134 303 460 304 461 107 134 304 461 111 135 141 462 305 462 256 462 306 463 307 464 308 465 33 32 309 466 73 75 310 467 100 468 167 469 311 470 102 470 312 470 103 471 310 472 311 473 310 474 312 475 102 476 310 472 313 477 311 473 310 478 314 479 312 480 167 469 314 481 310 467 313 482 310 474 102 476 307 483 306 484 315 485 316 486 317 487 166 488 317 487 167 489 166 488 159 208 106 490 315 491 313 492 159 208 315 491 318 493 273 395 221 394 319 494 107 494 112 494 319 495 112 495 109 495 319 496 320 497 321 498 322 499 87 499 323 499 112 136 304 461 303 460 109 500 304 501 320 502 87 503 324 503 323 503 324 504 87 505 325 506 82 507 326 508 87 509 326 510 325 506 87 505 113 511 325 506 326 510 15 512 151 512 113 512 327 513 328 514 329 515 330 516 331 517 11 518 332 519 333 519 334 519 166 520 314 521 335 522 314 523 336 524 335 525 167 489 313 526 102 527 167 528 102 124 314 529 337 530 314 523 338 531 335 522 316 532 166 520 321 533 167 489 317 487 99 534 324 504 325 506 339 535 340 536 341 537 64 63 342 538 343 539 308 540 337 530 338 531 308 540 344 541 337 530 333 542 332 542 345 542 216 543 346 544 347 545 348 546 333 546 345 546 334 547 345 547 332 547 349 548 345 549 334 550 350 551 349 548 334 550 349 548 351 552 345 549 352 553 351 552 349 548 353 554 354 554 355 554 354 555 351 555 352 555 356 556 353 557 352 558 356 556 357 559 353 557 50 560 358 561 48 562 314 523 337 530 359 563 344 541 359 563 337 530 50 564 216 564 347 564 360 565 359 563 344 541 361 566 48 566 335 566 335 522 48 562 362 567 361 568 360 569 48 570 358 561 362 567 48 562 361 571 336 524 359 563 360 572 361 571 359 563 63 62 341 537 363 573 364 574 339 575 341 537 365 576 63 62 62 61 63 62 363 573 64 63 70 72 6 4 77 80 366 577 367 578 368 579 368 580 367 580 67 580 369 581 366 582 368 583 367 578 366 577 370 584 370 584 366 577 371 585 369 581 371 586 366 582 62 61 343 539 309 466 347 545 179 231 50 560 50 560 179 231 358 561 343 539 62 61 64 63 372 587 346 587 216 587 372 588 373 588 346 588 372 589 374 589 373 589 373 590 179 231 346 544 178 591 373 592 374 593 374 593 67 594 178 591 84 595 375 596 110 597 368 598 67 67 369 599 222 600 232 600 231 600 369 599 376 601 377 602 376 601 378 603 377 602 241 329 240 328 379 604 380 605 370 584 371 585 358 606 381 606 362 606 381 607 309 607 362 607 358 608 382 608 381 608 381 609 383 610 309 466 360 569 49 275 48 570 384 611 385 612 386 613 382 614 358 615 179 231 383 610 62 61 309 466 360 565 344 541 387 616 68 68 67 67 374 617 388 618 389 619 382 614 381 620 382 614 389 619 376 601 390 621 378 603 388 618 391 622 389 619 123 153 72 142 129 159 316 532 33 623 35 624 247 625 196 626 198 627 392 628 390 629 393 630 394 631 202 277 201 276 389 632 395 633 381 609 389 632 391 634 395 633 396 635 202 636 397 637 398 638 397 638 201 638 399 639 173 225 172 224 200 640 256 353 400 641 390 642 401 642 393 642 401 643 402 644 393 645 365 576 364 574 63 62 383 610 365 576 62 61 403 646 365 576 383 610 174 226 179 231 172 224 202 277 394 631 404 647 405 648 403 648 383 648 403 646 406 649 365 576 399 639 172 224 370 584 407 650 399 639 370 584 408 651 364 574 406 649 382 614 179 231 174 226 47 147 263 368 121 148 200 652 86 653 183 654 59 58 197 270 171 223 408 651 330 516 364 574 395 633 409 655 381 609 209 656 203 657 205 658 410 659 411 660 412 661 413 662 414 663 399 639 405 664 415 665 403 646 17 666 81 666 416 666 417 667 131 668 128 158 417 667 128 158 260 363 135 167 131 169 417 669 133 670 417 671 260 672 134 673 133 673 260 673 133 670 132 674 417 671 418 675 134 675 260 675 418 676 132 676 134 676 132 677 418 677 417 677 130 678 133 678 134 678 418 679 135 680 417 681 419 682 135 680 420 683 420 683 135 680 418 679 419 684 421 684 135 684 422 685 419 686 423 687 422 688 421 688 419 688 424 689 421 690 422 691 424 689 425 692 421 690 182 268 195 265 156 201 426 693 260 363 259 362 420 694 418 694 260 694 426 695 420 696 260 697 427 698 419 682 420 683 424 699 422 685 423 687 12 10 423 700 427 698 364 574 330 516 428 701 339 575 259 362 258 361 420 683 10 8 427 698 426 695 10 702 420 696 364 574 428 701 339 575 377 703 380 703 371 703 378 704 380 705 377 706 378 704 429 707 380 705 430 708 429 707 378 704 390 621 430 709 378 603 430 710 413 662 429 711 429 711 413 662 380 605 10 712 426 693 259 362 11 518 10 713 428 701 431 714 432 715 430 716 431 714 430 716 392 717 392 628 430 718 390 629 127 719 243 423 283 422 1 720 0 720 82 720 137 721 140 721 139 721 256 722 139 722 141 722 99 723 433 724 324 725 0 726 15 727 82 507 2 728 257 728 0 728 139 729 305 729 137 729 305 730 400 731 256 732 305 730 434 733 400 731 186 242 263 734 434 735 410 659 412 661 204 736 47 737 46 738 263 739 412 661 435 740 190 252 436 741 267 374 209 284 437 742 267 374 436 741 209 656 205 658 436 743 217 372 273 393 438 744 271 745 273 746 318 747 273 748 255 749 439 750 439 751 271 751 318 751 255 752 271 752 439 752 438 753 271 754 255 755 439 756 438 757 273 758 318 759 438 757 439 756 440 760 415 665 441 761 255 762 266 763 191 764 191 253 435 740 255 755 255 755 435 740 438 753 167 469 100 468 90 765 125 766 442 767 443 768 240 430 286 432 444 769 445 770 246 771 281 772 446 773 282 418 280 774 281 419 282 418 447 775 281 772 447 776 445 770 284 777 246 778 445 779 285 428 284 427 448 780 448 780 284 427 449 781 449 782 284 777 445 779 450 783 451 784 248 431 452 785 453 786 454 787 455 788 162 256 37 36 456 789 457 789 437 789 428 701 259 362 339 575 458 790 459 791 460 792 447 793 446 794 461 795 447 775 282 418 446 773 462 796 463 796 447 796 450 783 464 797 451 784 449 782 445 779 463 798 448 799 449 799 463 799 442 767 125 766 463 800 210 364 234 801 224 307 286 432 451 784 465 802 454 803 451 803 464 803 453 786 451 804 454 787 198 805 466 805 453 805 467 806 468 807 268 375 469 808 470 809 466 810 192 811 471 812 459 791 45 312 404 813 229 313 45 814 472 814 404 814 472 815 45 44 473 816 474 817 404 817 472 817 458 818 229 819 475 820 70 72 77 80 95 821 476 822 437 742 477 823 478 824 235 825 479 826 480 827 479 826 481 828 482 829 481 829 479 829 483 830 482 831 484 832 468 807 467 806 485 833 486 834 474 835 472 836 458 837 318 838 229 839 486 834 487 840 474 835 460 841 318 841 458 841 474 842 487 843 76 79 488 844 437 845 476 846 488 844 456 847 437 845 489 848 488 844 476 846 237 849 490 850 491 851 490 850 489 852 476 853 478 824 236 854 235 825 492 855 478 824 479 826 493 856 480 827 481 828 482 857 494 858 493 859 483 830 494 860 482 831 495 861 496 861 485 861 497 862 495 862 467 862 277 405 498 863 499 864 486 865 500 866 487 867 277 405 501 868 498 863 500 866 76 869 487 867 489 870 502 871 488 872 503 873 461 873 504 873 502 874 490 874 504 874 490 875 237 875 504 875 490 876 502 876 489 876 237 877 236 878 504 879 236 878 478 880 504 879 463 881 462 881 505 881 478 880 505 882 504 879 492 883 505 882 478 880 492 883 480 884 505 882 442 885 463 885 505 885 480 886 493 886 505 886 494 858 506 887 493 859 494 888 483 888 506 888 125 889 443 889 493 889 507 890 125 890 493 890 493 891 442 892 505 893 508 894 125 895 507 896 506 897 483 898 493 899 483 898 507 900 493 899 496 901 509 902 507 896 496 903 507 900 483 898 497 904 467 905 510 906 453 907 291 908 511 909 466 910 291 908 453 907 496 901 495 911 509 902 203 657 257 912 512 913 513 914 391 622 388 618 514 915 394 916 397 917 398 918 394 916 514 915 396 919 398 918 514 915 398 920 396 635 397 637 396 635 514 921 75 78 515 922 402 644 401 643 171 223 38 37 164 217 513 923 395 633 391 634 388 618 384 611 386 613 324 924 400 924 323 924 431 925 402 926 515 927 432 928 431 925 515 927 515 929 516 930 432 931 229 932 404 647 394 631 455 788 517 933 513 923 513 923 517 933 395 633 178 591 67 594 367 934 461 795 462 935 447 793 472 936 473 937 513 914 473 938 455 788 513 923 472 936 513 914 386 613 486 865 472 936 386 613 455 788 499 864 517 933 499 864 518 939 517 933 259 362 428 701 10 713 491 940 476 822 235 941 482 942 235 941 477 823 479 943 235 941 482 942 468 807 484 944 482 945 248 946 198 947 452 785 285 428 125 155 283 426 499 864 498 863 518 939 76 79 75 78 404 948 170 222 175 227 79 82 500 866 486 865 386 613 519 949 500 950 290 439 518 939 520 951 441 761 519 952 521 953 74 954 306 463 338 955 522 956 523 957 13 957 15 957 455 788 473 938 162 256 516 930 524 958 525 959 76 960 500 960 74 960 500 961 519 961 74 961 498 863 526 962 520 951 289 963 498 963 527 963 521 953 528 964 527 965 289 966 526 962 498 967 519 952 528 964 521 953 289 966 520 951 526 962 528 968 519 949 290 439 289 969 527 965 528 964 290 439 289 438 528 968 318 838 65 970 229 839 289 966 466 971 520 951 291 440 290 439 529 972 511 973 524 958 516 930 291 974 524 958 511 973 291 975 529 975 524 975 466 976 289 976 291 976 343 539 342 538 73 75 94 977 101 977 312 977 530 978 470 809 531 979 415 665 532 980 533 981 534 982 69 69 535 983 102 984 311 984 100 984 163 216 19 17 34 207 485 985 536 985 495 985 537 986 440 760 331 517 538 987 414 663 413 662 395 633 517 933 539 988 205 280 204 279 190 989 540 990 516 930 534 982 539 988 533 981 532 980 476 822 477 823 235 941 541 991 385 612 542 992 533 981 441 761 415 665 543 993 542 992 414 663 518 939 539 988 517 933 518 939 441 761 539 988 534 982 544 994 540 990 538 987 529 972 414 663 290 439 541 991 543 993 336 524 314 523 359 563 545 995 440 760 520 951 529 972 290 439 543 993 546 996 261 458 547 997 328 514 424 689 329 515 150 998 327 999 548 1000 548 1000 327 999 549 1001 150 1002 328 514 327 513 148 1003 150 1003 548 1003 547 1004 293 1004 295 1004 149 181 301 1005 150 182 149 1006 300 454 301 456 295 1007 300 1007 149 1007 302 1008 149 1008 550 1008 547 1009 295 1009 149 1009 302 1010 547 1010 149 1010 302 1011 298 1011 547 1011 550 1012 149 1012 551 1012 547 1013 550 1013 551 1013 298 1014 550 1014 547 1014 299 1015 300 1015 302 1015 550 1016 299 1016 302 1016 550 1017 298 1017 299 1017 296 1018 262 1018 552 1018 424 1019 423 1020 549 1021 12 1022 548 1000 549 1001 148 1023 548 1024 12 10 551 1025 149 181 148 180 546 996 551 1025 148 180 547 997 551 1026 546 996 148 1023 12 10 11 9 553 1027 148 180 11 518 546 996 148 180 553 1027 530 1028 261 458 554 1029 432 1030 555 1031 430 1032 430 710 555 1033 413 662 525 1034 555 1031 432 1030 554 1029 553 1027 11 518 525 1034 524 1035 556 1036 556 1036 555 1031 525 1034 556 1037 538 987 555 1033 331 517 554 1029 11 518 108 1038 111 1039 109 1040 545 995 554 1029 331 517 524 1041 529 1041 556 1041 530 1028 554 1029 545 995 262 367 531 979 552 1042 552 1042 531 979 296 447 296 447 531 979 470 809 296 447 470 809 469 808 187 249 296 447 469 808 342 538 363 573 77 80 54 53 83 95 557 1043 317 1044 316 1045 26 1046 558 1047 9 7 3 1 503 1048 505 1049 462 1050 416 1051 558 1047 17 15 559 1052 14 12 13 11 117 140 27 26 29 28 24 23 84 98 108 200 557 1043 20 1053 4 1054 214 404 276 403 268 1055 364 574 365 576 406 649 218 1056 265 1056 219 1056 165 218 142 176 144 178 32 31 23 21 22 20 375 1057 98 1057 560 1057 45 44 65 1058 46 45 129 159 258 361 128 158 491 851 490 850 476 853 183 1059 185 239 200 274 31 30 42 41 51 50 545 995 331 517 440 760 54 53 557 1043 161 211 49 48 202 636 396 635 161 211 56 55 55 54 94 1060 90 1060 100 1060 241 336 248 338 242 1061 97 1062 96 1063 340 536 97 1062 340 536 95 821 340 536 561 1064 95 821 95 821 561 1064 562 1065 95 821 562 1065 71 73 180 232 170 222 177 229 84 1066 183 235 184 237 308 465 338 955 306 463 258 1067 562 1065 561 1064 89 102 563 1068 90 103 99 117 411 1069 82 86 30 29 19 17 42 41 258 361 260 363 128 158 185 239 186 242 199 273 27 26 116 139 120 146 520 951 440 760 441 761 540 990 511 973 516 930 70 72 72 142 29 28 557 1043 9 1070 558 1071 63 62 364 574 341 537 52 194 79 82 154 193 557 1043 558 1071 161 211 88 113 314 521 166 520 557 1043 4 1054 9 1070 350 1072 564 1073 352 558 565 1074 207 1075 564 1076 215 1077 564 1076 207 1075 341 537 77 80 363 573 152 1078 105 1079 160 1080 104 1081 160 1080 105 1079 557 1043 83 95 20 1053 160 209 159 208 113 1082 340 536 96 1083 341 537 186 242 121 148 264 1084 51 50 42 41 78 81 334 1085 565 1086 564 1073 369 599 67 67 376 601 566 1087 91 1088 315 1089 179 231 373 590 178 230 385 612 174 226 173 225 42 41 19 17 78 81 565 1086 334 1085 333 1090 522 1091 566 1087 306 1092 566 1087 315 1089 306 1092 322 1093 400 1094 324 725 305 1095 136 1096 199 273 166 520 89 1097 88 113 49 275 360 569 201 276 317 1044 26 1046 25 1098 286 432 248 431 451 784 532 980 409 655 539 988 321 498 25 24 108 200 82 86 86 653 98 116 38 37 168 220 164 217 196 626 247 625 379 1099 198 271 187 249 469 808 231 1100 206 1101 223 1102 75 78 514 921 404 948 562 1065 258 1067 129 1103 71 73 562 1065 72 74 72 74 562 1065 129 1103 286 432 465 1104 444 769 468 807 485 833 484 944 125 155 510 1105 126 156 268 1106 276 1107 126 1108 292 1109 157 1110 56 1111 143 177 142 176 120 146 32 88 155 1112 34 89 504 1113 488 872 502 871 19 17 163 216 78 81 535 983 75 78 544 994 165 218 22 20 142 176 110 1114 322 1115 320 1116 560 1117 110 1117 375 1117 151 183 567 1118 105 184 143 177 171 223 144 178 165 218 61 60 22 20 3 1 17 15 558 1047 350 551 352 1119 349 548 163 216 34 207 158 206 370 584 172 224 367 578 85 1120 41 40 40 39 92 126 566 1121 522 956 167 1122 563 1122 89 1122 566 1123 92 1123 91 1123 142 176 28 27 120 146 77 80 96 1083 95 821 7 5 28 27 22 20 95 821 71 73 70 72 144 178 171 223 165 218 170 222 79 82 78 81 39 38 156 201 195 265 559 1124 13 1125 201 1126 409 655 405 664 383 610 567 1127 106 131 105 130 170 222 180 232 175 227 376 601 67 67 69 69 197 270 38 37 171 223 203 1128 512 1129 410 1130 174 226 384 611 382 614 152 243 160 1131 113 244 375 596 84 595 184 1132 86 1133 87 1134 375 596 203 1128 410 1130 204 1135 79 82 52 194 80 83 234 316 233 315 224 320 194 259 39 38 195 265 60 59 143 177 119 145 114 1136 326 1136 15 1136 459 791 471 812 460 792 401 1137 390 621 376 601 196 269 379 604 36 35 161 211 81 152 56 55 86 653 200 652 98 116 512 1138 257 1139 2 1140 287 1141 118 141 301 1142 135 1143 301 1142 118 141 416 1144 81 152 558 1071 90 765 563 1145 167 469 73 75 342 538 8 6 16 14 3 1 30 29 228 1146 215 291 207 288 215 291 228 1146 213 292 249 1147 228 1148 227 1149 406 649 403 646 408 651 405 664 532 980 415 665 239 1150 211 1151 225 1152 231 1100 230 1153 234 801 234 801 210 364 231 1100 206 1101 231 1100 210 364 228 1154 211 1151 226 1155 244 1156 226 1155 211 1151 239 1150 244 1156 211 1151 126 1157 276 1158 127 719 520 951 466 971 545 995 459 1159 255 351 193 350 193 350 192 1160 459 1159 234 1161 230 1161 232 1161 207 288 211 287 228 1146 237 323 491 1162 235 321 505 1049 503 1048 504 1163 415 665 537 986 403 646 178 230 367 578 172 224 14 1164 568 1165 348 1166 348 1166 477 1167 436 1168 348 1166 436 1168 257 355 14 1164 348 1166 257 355 151 354 14 1164 257 355 209 1169 207 356 257 355 256 1170 140 1170 136 1170 182 268 156 201 292 442 190 252 204 736 412 661 65 1058 219 303 46 45 146 1171 270 1171 438 1171 269 1172 272 1172 273 1172 222 1173 208 400 274 399 467 905 268 1106 126 1108 126 1108 510 906 467 905 423 687 419 686 427 1174 569 1175 379 604 240 328 127 719 276 1158 252 1176 188 250 198 271 196 269 248 1177 247 1177 198 1177 452 785 450 783 248 946 290 439 386 613 541 991 14 1178 151 1178 15 1178 459 1179 205 1180 266 763 205 1180 190 1181 266 763 459 1179 266 763 255 762 125 155 127 157 283 426 501 868 379 604 569 1175 321 533 320 1182 325 1183 320 1182 323 1184 325 1183 167 489 321 533 313 526 313 526 321 533 159 1185 321 533 325 1183 159 1185 113 1186 159 1185 325 1183 400 1187 434 1188 323 1184 434 1188 263 739 323 1184 323 1184 263 739 99 1189 263 739 46 738 411 1190 99 1189 263 739 411 1190 325 1183 323 1184 99 1189 46 738 438 1191 435 1192 435 1192 412 1193 411 1190 411 1190 46 738 435 1192 407 650 370 584 380 605 201 1126 13 1125 398 918 184 1132 86 1133 375 596 76 79 404 948 474 842 109 1194 111 1194 304 1194 261 458 293 444 547 997 199 273 186 242 434 735 523 1195 398 918 13 1125 141 1196 137 1196 305 1196 567 1197 568 1198 307 1199 22 20 28 27 142 176 314 521 88 113 94 112 311 473 313 477 100 1200 93 110 313 1201 315 1202 315 1202 91 108 93 110 103 1203 100 1203 310 1203 315 485 106 1204 567 1205 315 485 567 1205 307 483 159 208 104 210 106 490 25 24 321 498 317 1206 321 498 108 200 319 496 21 94 20 1053 83 95 319 1207 109 500 320 502 322 1115 110 1114 560 1208 322 1209 323 1184 320 1182 87 1210 98 1210 375 1210 569 1175 570 1211 501 868 350 1072 334 1085 564 1073 54 53 85 1120 83 95 379 604 501 868 36 35 77 80 341 537 96 1083 344 1212 308 1213 568 1198 568 1198 308 1213 307 1199 344 1212 568 1198 387 1214 559 1215 387 1214 568 1198 14 1216 559 1215 568 1198 146 1217 192 811 147 1218 460 792 192 811 438 1219 438 1219 318 1220 460 792 146 1217 438 1219 192 811 338 955 314 529 102 124 361 1221 335 525 336 524 37 36 277 405 499 864 363 573 342 538 64 63 469 808 466 810 198 271 309 466 343 539 73 75 352 1222 353 1222 355 1222 354 1223 353 557 357 559 316 532 335 522 362 567 453 786 452 785 198 947 214 1224 213 1225 253 1226 348 1166 568 1165 333 1227 207 356 565 1228 567 1229 565 1228 333 1227 567 1229 333 1227 568 1165 567 1229 151 354 207 356 567 1229 385 612 541 991 386 613 377 1230 371 586 369 581 161 211 558 1071 81 152 251 1231 228 1148 249 1147 305 1095 139 1232 136 1096 477 1233 348 1234 345 1235 477 1233 345 1235 351 1236 482 1237 477 1233 351 1236 482 1237 351 1236 354 1238 357 1239 468 1240 354 1238 468 1240 482 1237 354 1238 309 466 33 32 362 1241 223 1242 222 1242 231 1242 383 610 381 609 409 655 485 1243 496 1244 484 832 68 68 374 617 372 1245 217 372 438 744 46 370 360 565 559 1124 201 1126 12 10 427 698 10 8 138 1246 200 359 136 358 108 1247 107 1247 319 1247 409 655 395 633 539 988 496 1244 483 830 484 832 68 68 49 48 396 635 316 532 362 567 33 623 388 618 382 614 384 611 201 1248 397 917 394 916 41 40 85 1120 54 53 400 1249 560 1208 200 1250 275 1251 457 1252 461 795 560 1253 98 1253 200 1253 402 1254 431 1255 393 1256 393 1256 431 1255 392 1257 379 1099 247 625 241 1258 410 1259 512 1138 2 1140 404 948 397 637 202 636 253 1260 213 1261 228 1148 253 1260 228 1148 251 1231 570 1211 569 1175 444 769 444 769 465 1104 570 1211 84 98 110 1262 108 200 398 918 229 819 394 916 183 1263 84 1263 85 1263 405 664 409 655 532 980 411 1069 410 1264 2 87 384 611 174 226 385 612 513 914 388 618 386 613 219 303 318 1265 221 304 407 650 380 605 413 662 398 918 523 1195 475 820 65 1058 318 1265 219 303 399 639 414 663 173 225 564 1266 215 1267 356 1268 215 1267 468 1269 356 1268 356 1268 468 1269 357 1270 376 601 69 69 534 982 537 986 330 516 408 651 497 1271 510 1272 508 1273 537 986 408 651 403 646 534 982 401 1137 376 601 208 1274 223 1274 206 1274 292 1275 18 1276 118 1277 292 1275 118 1277 287 1278 522 956 338 955 92 126 338 955 102 124 92 126 339 535 258 1067 561 1064 340 536 339 535 561 1064 423 700 12 10 549 1279 311 1280 312 1280 103 1280 312 1281 101 1281 103 1281 279 409 280 1282 238 414 271 754 438 753 270 1283 222 411 278 410 233 324 278 410 238 325 233 324 98 1284 433 1284 99 1284 43 42 154 193 119 150 11 518 428 701 330 516 263 734 186 242 264 1084 127 719 252 1176 243 423 87 1285 433 1285 98 1285 287 1286 301 1286 294 1286 500 866 386 613 290 439 473 816 45 44 47 46 435 740 191 253 190 252 437 1287 457 1288 275 1289 267 1290 437 1287 275 1289 569 1291 240 1291 444 1291 271 745 220 1292 273 746 220 1293 255 749 273 748 109 1294 112 1294 303 1294 74 77 540 990 75 78 279 1295 461 795 446 794 446 794 280 1296 279 1295 461 795 279 1295 275 1251 452 785 454 787 464 797 464 797 450 783 452 785 218 1297 217 372 265 371 37 36 499 864 455 788 352 1298 355 1298 354 1298 257 1299 523 1299 0 1299 448 780 463 1300 125 155 538 987 556 1037 529 972 253 1226 254 1301 214 1224 485 1302 467 1302 536 1302 510 1272 125 1303 508 1273 471 812 192 811 460 792 157 1110 57 1304 56 1111 457 1305 456 1305 461 1305 433 724 322 1093 324 725 570 1306 465 1306 451 1306 451 804 501 868 570 1211 453 786 501 868 451 804 468 807 215 376 268 375 346 544 179 231 347 545 436 743 475 1307 523 1308 523 1308 257 1309 436 743 68 68 396 635 535 983 372 1245 216 293 49 48 477 823 437 742 436 741 195 265 182 268 180 263 229 1310 65 1310 66 1310 135 1143 118 141 124 154 536 1311 467 1311 495 1311 459 1312 458 1313 205 658 458 1313 475 1307 205 658 475 1307 436 743 205 658 296 447 187 249 59 248 58 365 262 367 296 447 387 616 559 1124 360 565 480 827 492 855 479 826 511 973 540 990 527 1314 372 1245 49 48 68 68 456 1315 488 872 461 1316 488 872 504 1113 461 1316 508 894 507 896 509 902 508 894 509 902 495 911 498 863 501 868 527 1314 442 892 493 891 443 1317 501 868 453 786 527 1314 508 894 495 911 497 1318 527 1314 453 786 511 973 352 558 564 1073 356 556 470 809 530 978 466 810 203 657 209 656 257 912 404 948 514 921 397 637 516 930 525 959 432 931 398 918 475 820 229 819 68 68 535 983 69 69 3 1 19 17 30 29 145 352 147 1319 193 350 200 640 138 173 256 353 461 1320 503 1320 462 1320 277 405 36 35 501 868 292 1109 56 1111 18 1321 15 727 326 508 82 507 120 146 28 27 27 26 305 1095 199 273 434 735 285 428 448 780 125 155 47 46 122 1322 473 816 122 1322 162 1323 473 816 498 863 520 951 518 939 544 994 534 982 535 983 540 990 74 77 521 1324 0 1325 523 1325 15 1325 316 1045 35 1326 26 1046 447 776 463 1327 445 770 493 859 481 1328 482 857 39 38 41 40 156 201 530 1028 545 995 466 971 314 479 94 1329 312 480 114 1330 113 511 326 510 407 650 413 662 399 639 313 477 93 1331 100 1200 173 225 542 992 385 612 542 992 173 225 414 663 515 929 401 1137 534 982 537 986 331 517 330 516 543 993 414 663 529 972 535 983 396 635 75 78 549 1001 327 999 329 1332 29 28 28 27 7 5 539 988 441 761 533 981 342 538 77 80 8 6 544 994 75 78 540 990 516 930 515 929 534 982 320 1333 304 461 112 136 110 133 320 1333 112 136 433 1334 87 1334 322 1334 6 4 29 28 7 5 541 991 542 992 543 993 527 1314 540 990 521 1324 328 514 425 692 424 689 82 86 411 1069 2 87 301 1335 135 1336 328 1337 328 1337 150 1338 301 1335 425 1339 328 1337 135 1336 135 1336 421 1340 425 1339 531 979 262 367 261 366 261 366 530 978 531 979 413 662 555 1033 538 987 329 1341 424 1019 549 1021 440 760 537 986 415 665 261 458 546 996 553 1027 261 458 553 1027 554 1029 108 1038 110 1342 111 1039 560 1208 400 1249 322 1115</p>
        </triangles>
      </mesh>
    </geometry>
  </library_geometries>
  <library_visual_scenes>
    <visual_scene id="scene">
      <node id="torso_link_rev_1_0">
        <instance_geometry url="#geometry">
          <bind_material>
            <technique_common>
              <instance_material symbol="scout_b2b2b2" target="#scout_b2b2b2" />
            </technique_common>
          </bind_material>
        </instance_geometry>
      </node>
    </visual_scene>
  </library_visual_scenes>
  <scene>
    <instance_visual_scene url="#scene" />
  </scene>
</COLLADA>